,,,,,,,,,,,,,,,,,,,,,,,,,,,,,,,,,,,,,,,,,,,,,,,,,,,,,,,,,,,,,,,,,,,,,,,,,,
,,,,,,,,,,,,,,,,,,,,,,,,,,,,,,,,,,,,,,,,,,,,,,,,,,,,,,,,,,,,,,,,,,,,,,,,,,,
,,,,,,,,,,,,,,,,,,,,,,,,,,,,,,,,,,,,,,,,,,,,,,,,,,,,,,,,,,,,,,,,,,,,,,,,,,,
,,,,,,,,,,,,,,,,,,,,,,,,,,,,,,,,,,,,,,,,,,,,,,,,,,,,,,,,,,,,,,,,,,,,,,,,,,,
,,,,,,,,,,,,,,,,,,,,,,,,,,,,,,,,,,,,,,,,,,,,,,,,,,,,,,,,,,,,,,,,,,,,,,,,,,,
,,,,,,,,,,,,,,,,,,,,,,,,,,,,,,,,,,,,,,,,,,,,,,,,,,,,,,,,,,,,,,,,,,,,,,,,,,,
,bifurcation,,,,,,nyoom,,,,,,pond,,,,,,duelingground,,,,,,slushrush,,,,,,garden,,,,,,sprint,,,,,,steamvent,,,,,,miniarena,,,,,,,,,,,,,,,,,,,,,,,,,,
,,,,,,,,,,,,,,,,,,,,,,,,,,,,,,,,,,,,,,,,,,,,,,,,,,,,,,,,,,,,,,,,,,,,,,,,,,,
,,,,,,,,,,,,,,,,,,,,,,,,,,,,,,,,,,,,,,,,,,,,,,,,,,,,,,,,,,,,,,,,,,,,,,,,,,,
,,,,,,,,,,,,,,,,,,,,,,,,,,,,,,,,,,,,,,,,,,,,,,,,,,b,f,b,,,,,,,,,,,,,,,,,,,,,,,
,,,,,,,,,,,,,,,,,,,,,,,,,,,,,,,,,,,,,,,,,,,,,,,,,,w,,w,,,,,,,,,,,,,,,,,,,,,,,
,,,,,,,,,,,,,,,,,,,,,,,,,,,,,,,,,,,,,,,,,,,,b,,,,,,b,f,b,,,,,,,,,,,,,,,,,,,,,,,
,,,,,,,,,,,,,,,,,,,,,,,,,,,,,,,,,,,,,,,,,,,b,,,,,,,,,,,,,,,,,,,,,,,,,,,,,,,,
,unabletorun,,,,,,minicrossroads,,,,,,vortex,,,,,,ntr,,,,,,plus,,,,,,convergence,,,,,,weave,,,,,,blade,,,,,,tinyring,,,,,,,,,,,,,,,,,,,,,,,,,,,
,,,,,,,,,,,,,,,,,,,,,,,,,,,,,,,,,,,,,,,,,,,,,,,,,,,,,,,,,,,,,,,,,,,,,,,,,,,
,s,i,i,i,s,,s,s,a,s,s,,w,w,w,w,w,,,,,,bt,,,,,,,,,,,,,,a,a,a,,,,,,,,,,,,,,,,,,,,,,,,,,,,,,,,,,,,
,i,,,,i,,s,,st,,s,,,w,w,w,,,,,,bt,l,,,,,,,,,,,,,,a,,a,s,,,,,,,,,,,,,,,,,,,,,,,,,,,,,,,,,,,
,i,,,,i,,a,st,a,st,a,,,,s,,,,a,a,s,f,st,,,,,,,,,,,,,,a,a,a,a,a,,,,,,,,,,,,,,,,,,,,,,,,,,,,,,,,,,
,i,,,,i,,s,,st,,s,,,f,f,f,,,,,,w,i,,,,,,,,,,,,,,,,,,,s,a,,a,,,,,,,,,,,,,,,,,,,,,,,,,,,,,,,,,,
,s,i,i,i,s,,s,s,a,s,s,,f,f,f,f,f,,,,,,w,,,,,,,,,,,,,,,,a,a,a,,,,,,,,,,,,,,,,,,,,,,,,,,,,,,,,,,
,realntr,,,,,,glint,,,,,,funnel,,,,,,prism,,,,,,combatring,,,,,,ouch,,,,,,slowdown,,,,,,,,,,,,,,,,,,,,,,,,,,,,,,,,,,,,,,
,,,,,,,,,,,,,,,,,,,,,,,,,,,,,,,,,,,,,,,,,,,,,,,,,,,,,,,,,,,,,,,,,,,,,,,,,,,
,,,,,,,,,,,f,w,w,,,,,,w,w,,,a,a,s,a,,,,f,f,i,i,,,w,bt,bt,bt,bt,w,,,,,,,,,w,w,w,a,a,a,,,,,,,,,,,,,,,,,,,,
,,st,st,st,st,,,,f,f,f,w,,,,,b,b,w,w,,,s,,,a,,,,f,,,i,,,w,,,,,w,,,,,,,,,w,w,w,a,a,a,,,,,,,,,,,,,,,,,,,,
,,st,st,st,st,,,,f,w,w,w,,,w,w,b,b,,,,,a,,,s,,,,i,,,f,,,w,,,,,w,,,,,,,,,a,a,a,w,w,w,,,,,,,,,,,,,,,,,,,,
,,,,,,,,f,f,w,,,,,w,w,,,,,,,a,s,a,a,,,,i,i,f,f,,,w,bt,bt,bt,bt,w,,,,,,,,,a,a,a,w,w,w,,,,,,,,,,,,,,,,,,,,
,gluetrap,,,,,,,twinsnakes,,,,,,,puddles,,,,,,,adder,,,,,,,pinering,,,,,,,passage,,,,,,,fracture,,,,,,,minigradient,,,,,,,,,,,,,,,,,,,,,,,,,
,,,,,,,,,,,,,,,,,,,,,,,,,,,,,,,,,,,,,,,,,,,,,,,,,,,,,,,,,,,,,,,,,,,,,,,,,,,
,n,n,n,n,n,n,n,n,n,,,,,,,,,,,,,,,,,,,,,,,,,,,,,,,,,,,,,,,,,,,,,,,,,,,,,,,,,,,,,,,,,,
,n,n,n,n,n,n,n,n,n,,,,,,,,,,,,,,,,,,,,,,,,,,,,,,,,,,,,,,,,,,,,,,,,,,,,,,,,,,,,,,,,,,
,inchworm,,,,,,,,,,,,,,,,,,,,,,,,,,,,,,,,,,,,,,,,,,,,,,,,,,,,,,,,,,,,,,,,,,,,,,,,,,
,,,,,,,,,,,,,,,,,,,,,,,,,,,,,,,,,,,,,,,,,,,,,,,,,,,,,,,,,,,,,,,,,,,,,,,,,,,
,,,,,,,,,,,,,,,,,,,,,,,,,,,,,,,,,,,,,,,,,,,,,,,,,,,,,,,,,,,,,,,,,,,,,,,,,,,
,,,,,,,,,,,,,,,,,,,,st,,,,,,,,,,,,,,,,,,,,,,,,st,,,,,,,,,,,,,,,,,,,,,,,,,,,,,,,
,,,,,,,,,,,,st,st,st,,,,,,st,,,,,,a,a,,a,a,,,,,f,f,f,,,,,,,,,,,,,,,,,,,,,,,,,,,,,,,,,,,,,,
,,,,,,,,,,w,w,st,st,st,,,,,,i,,,,,,a,s,w,s,a,,,,w,a,a,a,w,,,,,,,,,,,,,,,,,,,,,,,,,,,,,,,,,,,,,
,,,,,,,,,,w,w,b,st,st,,,st,st,i,i,i,st,st,,,,w,w,w,,,,,w,a,a,a,w,,,st,i,,,,i,st,,,,,,,,,,,,,,,,,,,,,,,,,,,,
,,,,,,,,,,w,st,f,f,,,,,,,i,,,,,,a,s,w,s,a,,,,w,a,a,a,w,,,,,,,,,,,,,,,,,,,,,,,,,,,,,,,,,,,,,
,,,,,,,,,,,f,f,f,,,,,,,st,,,,,,a,a,,a,a,,,,,f,f,f,,,,,,,,,,,,,,,,,,,,,,,,,,,,,,,,,,,,,,
,,,,,,,,,,,,,,,,,,,,st,,,,,,,,,,,,,,,,,,,,,,,,st,,,,,,,,,,,,,,,,,,,,,,,,,,,,,,,
,7x7,,diodes,,,,,,7x7,,abstraction,,,,,,7x7,,quad,,,,,,7x7,,minifountain,,,,,,7x7,,compressedair,,,,,,7x7,,tileemporium,,,,,,,,,,,,,,,,,,,,,,,,,,,,,,,,
,,,,,,,,,,,,,,,,,,,,,,,,,,,,,,,,,,,,,,,,,,,,,,,,,,,,,,,,,,,,,,,,,,,,,,,,,,,
,,,,,,,,,,,,,,,,,,,,,,,,,,,,,,,,,,,,,,,,,,,,,,,,,,,,,,,,,,,,,,,,,,,,,,,,,,,
,,,,,,,,,,,,,,,,,,,,,,,,,,,,,,,,,,,,,,,,,,,,,,,,,,,,,,,,,,,,,,,,,,,,,,,,,,,
,,,,,,,,,,,,,,,,,,,,,,,,,,,,,,,,,,,,,,,,,,,,,,,,,,,,,,,,,,,,,,,,,,,,,,,,,,,
,,,,,,,,,,,,,,,,,,,,,,,,,,,,,,,,,,,,,,,,,,,,,,,,,,,,,,,,,,,,,,,,,,,,,,,,,,,
,,,,,,,,,,,,,,,,,,,,,,,,,,,,,,,,,,,,,,,,,,,,,,,,,,,,,,,,,,,,,,,,,,,,,,,,,,,
,,,,,,,,,,,,,,,,,,,,,,,,,,,,,,,,,,,,,,,,,,,,,,,,,,,,,,,,,,,,,,,,,,,,,,,,,,,
,,,,,,,,,,,,,,,,,,,,,,,,,,,,,,,,,,,,,,,,,,,,,,,,,,,,,,,,,,,,,,,,,,,,,,,,,,,
,,,,,,,,,,,,,,,,,,,,,,,,,,,,,,,,,,,,,,,,,,,,,,,,,,,,,,,,,,,,,,,,,,,,,,,,,,,
,,,,,,,,,,,,,,,,,,,,,,,,,,,,,,,,,,,,,,,,,,,,,,,,,,,,,,,,,,,,,,,,,,,,,,,,,,,
,8x8,,blitz,,,,,,,8x8,,demonsheart,,,,,,,8x8,,funsized,,,,,,,8x8,,donut,,,,,,,8x8,,gradient,,,,,,,8x8,,portal,,,,,,,8x8,,hiddenpond,,,,,,,8x8,,playhouse,,,,,,,,,
,,,,,,,,,,,,,,,,,,,,,,,,,,,,,,,,,,,,,,,,,,,,,,,,,,,,,,,,,,,,,,,,,,,,,,,,,,,
,,,,,,,,,,,,,,a,a,a,,,,,,,,bt,,b,,w,w,w,,,,,,,,,,,,,,,,,,,,,,,,,,b,b,,b,b,,,,,,,,,,,,,,,
,,,,,,,,,,,,,,,,,,,,,,s,s,,b,,,w,,,,,,,,,,f,f,,,w,w,,,,,,,,,,,,,,b,,b,,,b,,,,,,,,,,,,,
,,,,,,,,,,a,a,,,,,,,,st,,,s,a,a,,bt,,,,b,b,b,,,,,,f,w,w,f,f,w,,,,,s,s,bt,,,,,b,,,,,,b,b,,,,,,,,,,,,,
,,,,,,,,,,a,a,a,l,,l,a,a,,,st,,a,i,a,s,,,,,w,w,w,,,,,,,w,w,f,f,,,,,,s,s,bt,bt,,,,b,b,,l,l,,,,,,,,,,,,,,,,
,,,,,,,,,,,,l,st,st,st,l,a,,st,,a,i,a,s,s,,,,,,f,f,f,,,,,,f,f,w,w,,,,,,bt,bt,s,s,,,,,,,l,l,,b,b,,,,,,,,,,,,,
,,,,,,,,,,w,w,w,st,st,st,w,w,,,a,i,a,,,,,,,,,b,b,b,,,,,w,f,f,w,w,f,,,,,,bt,s,s,,,,b,b,,,,,,b,,,,,,,,,,,,,
,,,,,,,,,,w,w,w,w,w,w,w,w,,s,i,a,,st,,,,,,,,,,,,f,,,w,w,,,f,f,,,,,,,,,,,,b,,,b,,b,,,,,,,,,,,,,,,
,,,,,,,,,,w,w,w,w,w,w,w,w,,s,s,,st,,st,,,,,,,,,f,f,f,,,,,,,,,,,,,,,,,,,,,,b,b,,b,b,,,,,,,,,,,,,,
,8x8,,amazeing,,,,,,,8x8,,horizon,,,,,,,8x8,,sunder,,,,,,,8x8,,grate,,,,,,,8x8,,isometry,,,,,,,8x8,,moth,,,,,,,8x8,,pocketdimension,,,,,,,,,,,,,,,,,,
,,,,,,,,,,,,,,,,,,,,,,,,,,,,,,,,,,,,,,,,,,,,,,,,,,,,,,,,,,,,,,,,,,,,,,,,,,,
,,,,,,,,,,,,,,,,,,,,,,,,,,,,,,,,,,,,,,,,,,,,,,,,,,,,,,,,,,,,,,,,,,,,,,,,,,,
,,,,,,,,,,,,,,,,,,,,,,,,,,,,,,,,,,,,,,,,,,,,,,,,,,,,,,,,,,,,,,,,,,,,,,,,,,,
,,,,,,,,,,,,,,,,,,,,,,,,,,,,,,,,,,,,,,,,,,,,,,,,,,,,,,,,,,,,,,,,,,,,,,,,,,,
,,,,,,,,,,,,,,,,,,,,,,,,,,,,,,,,,,,,,,,,,,,,,,,,,,,,,,,,,,,,,,,,,,,,,,,,,,,
,,,,,,,,,,,,,,,,,,,,,,,,,,,,,,,,,,,,,,,,,,,,,,,,,,,,,,,,,,,,,,,,,,,,,,,,,,,
,,,,,,,,,,,,,,,,,,,,,,,,,,,,,,,,,,,,,,,,,,,,,,,,,,,,,,,,,,,,,,,,,,,,,,,,,,,
,,,,,,,,,,,,,,,,,,,,,,,,,,,,,,,,,,,,,,,,,,,,,,,,,,,,,,,,,,,,,,,,,,,,,,,,,,,
,,,,,,,,,,,,,,,,,,,,,,,,,,,,,,,,,,,,,,,,,,,,,,,,,,,,,,,,,,,,,,,,,,,,,,,,,,,
,,,,,,,,,,,,,,,,,,,,,,,,,,,,,,,,,,,,,,,,,,,,,,,,,,,,,,,,,,,,,,,,,,,,,,,,,,,
,,,,,,,,,,,,,,,,,,,,,,,,,,,,,,,,,,,,,,,,,,,,,,,,,,,,,,,,,,,,,,,,,,,,,,,,,,,
,9x9,,icemistvalley,,,,,,,,9x9,,corners,,,,,,,,9x9,,iceberg,,,,,,,,9x9,,miniring,,,,,,,,9x9,,morningstar,,,,,,,,,,,,,,,,,,,,,,,,,,,,,,,,
,,,,,,,,,,,,,,,,,,,,,,,,,,,,,,,,,,,,,,,,,,,,,,,,,,,,,,,,,,,,,,,,,,,,,,,,,,,
,,,,,,,,,,,,,,,,,,,,,,,,,,,,,,,,,,b,,a,,,,,,,,,,,,,,,,,,,,,,,,,,,,,,,,,,,,,,,
,,,,,,,,,,,,,,,,,,,,,,,,,,,,,,,,,,,a,a,,,,,,,,,,,,,,,,,,,,,,,,,,,,,,,,,,,,,,,
,,,,,,,,,,,,,,,,,,,,,,,s,s,s,,f,f,,,,,,,a,b,,,,,,,,,,,,,,,,,,,,,,,,,,,,,,,,,,,,,,,
,,,,,,,,,,,,,,,,,,,,,,,s,s,s,,w,w,,,,,,,b,b,,,,,,,,,,,,,,,,,,,,,,,,,,,,,,,,,,,,,,,
,,,,,,,,,,,,,,,,,,,,,,,,,,,,,,,,,,b,b,b,,,,,,,,,,,,,,,,,,,,,,,,,,,,,,,,,,,,,,,
,,,,,,,,,,,,,,,,,,,,,,,f,f,f,,s,s,,,,,,b,b,,,,,,,,,,,,,,,,,,,,,,,,,,,,,,,,,,,,,,,,
,,,,,,,,,,,,,,,,,,,,,,,f,f,f,,s,s,,,,,,b,a,,,,,,,,,,,,,,,,,,,,,,,,,,,,,,,,,,,,,,,,
,,,,,,,,,,,,,,,,,,,,,,,,,,,,,,,,,,a,a,,,,,,,,,,,,,,,,,,,,,,,,,,,,,,,,,,,,,,,,
,,,,,,,,,,,,,,,,,,,,,,,,,,,,,,,,,,a,,b,,,,,,,,,,,,,,,,,,,,,,,,,,,,,,,,,,,,,,,
,9x9,,streamline,,,,,,,,9x9,,moonplaid,,,,,,,,9x9,,farm,,,,,,,,9x9,,chasm,,,,,,,,9x9,,canyon,,,,,,,,,,,,,,,,,,,,,,,,,,,,,,,,
,,,,,,,,,,,,,,,,,,,,,,,,,,,,,,,,,,,,,,,,,,,,,,,,,,,,,,,,,,,,,,,,,,,,,,,,,,,
,,,,,,,,,,,,,,,,,,,,,,,,,,,,,,,bt,,,,,,,,bt,,,,,s,s,s,,,,,,,,,,,,,,,,,,,,,,,,,,,,,
,,,,,,,,,,,,,,,,,,,,,,,,,,,,,,,,,b,,,,b,,,,,,,,s,,,,,,,,,,,,,,,,,,,,,,,,,,,,,,
,,,,,,,,,,,,,,,,,,,,,,,,,,,,,,,,b,b,,f,,b,b,,,,,,,,,,,,,,,,,,,,,,,,,,,,,,,,,,,,,
,,,,,,,,,,,,,,,,,,,,,,,,,,,,,,,,,,,bt,,,,,,s,,,,,,,,s,,,,,,,,,,,,,,,,,,,,,,,,,,
,,,,,,,,,,,,,,,,,,,,,,,,,,,,,,,,,f,bt,,bt,f,,,,s,s,,,,,,s,s,,,,,,,,,,,,,,,,,,,,,,,,,,
,,,,,,,,,,,,,,,,,,,,,,,,,,,,,,,,,,,bt,,,,,,s,,,,,,,,s,,,,,,,,,,,,,,,,,,,,,,,,,,
,,,,,,,,,,,,,,,,,,,,,,,,,,,,,,,,b,b,,f,,b,b,,,,,,,,,,,,,,,,,,,,,,,,,,,,,,,,,,,,,
,,,,,,,,,,,,,,,,,,,,,,,,,,,,,,,,,b,,,,b,,,,,,,,s,,,,,,,,,,,,,,,,,,,,,,,,,,,,,,
,,,,,,,,,,,,,,,,,,,,,,,,,,,,,,,bt,,,,,,,,bt,,,,,s,s,s,,,,,,,,,,,,,,,,,,,,,,,,,,,,,
,9x9,,hazard,,,,,,,,9x9,,glaciate,,,,,,,,9x9,,sacredpond,,,,,,,,9x9,,morningcorners,,,,,,,,9x9,,crossout,,,,,,,,,,,,,,,,,,,,,,,,,,,,,,,,
,,,,,,,,,,,,,,,,,,,,,,,,,,,,,,,,,,,,,,,,,,,,,,,,,,,,,,,,,,,,,,,,,,,,,,,,,,,
,,,,,,,,,,,,,,,,,,,,,,,,,,,,,,,,,,,,,,,,,,,,,,,,,,,,,,,,,,,,,,,,,,,,,,,,,,,
,,,,,,,,,,,,,,,,,,,,,,,,,,,,,,,,,,,,,,,,,,,,,,,,,,,,,,,,,,,,,,,,,,,,,,,,,,,
,,,,,,,,,,,,,,,,,,,,,,,,,,,,,,,,,,,,,,,,,,,,,,,,,,,,,,,,,,,,,,,,,,,,,,,,,,,
,,,,,,,,,,,,,,,,,,,,,,,,,,,,,,,,,,,,,,,,,,,,,,,,,,,,,,,,,,,,,,,,,,,,,,,,,,,
,,,,,,,,,,,,,,,,,,,,,,,,,,,,,,,,,,,,,,,,,,,,,,,,,,,,,,,,,,,,,,,,,,,,,,,,,,,
,,,,,,,,,,,,,,,,,,,,,,,,,,,,,,,,,,,,,,,,,,,,,,,,,,,,,,,,,,,,,,,,,,,,,,,,,,,
,,,,,,,,,,,,,,,,,,,,,,,,,,,,,,,,,,,,,,,,,,,,,,,,,,,,,,,,,,,,,,,,,,,,,,,,,,,
,,,,,,,,,,,,,,,,,,,,,,,,,,,,,,,,,,,,,,,,,,,,,,,,,,,,,,,,,,,,,,,,,,,,,,,,,,,
,,,,,,,,,,,,,,,,,,,,,,,,,,,,,,,,,,,,,,,,,,,,,,,,,,,,,,,,,,,,,,,,,,,,,,,,,,,
,,,,,,,,,,,,,,,,,,,,,,,,,,,,,,,,,,,,,,,,,,,,,,,,,,,,,,,,,,,,,,,,,,,,,,,,,,,
,,,,,,,,,,,,,,,,,,,,,,,,,,,,,,,,,,,,,,,,,,,,,,,,,,,,,,,,,,,,,,,,,,,,,,,,,,,
,10x10,,arena,,,,,,,,,10x10,,breakdown,,,,,,,,,10x10,,moshpit,,,,,,,,,10x10,,skytemple,,,,,,,,,10x10,,yggdrasil,,,,,,,,,10x10,,atlantis,,,,,,,,,10x10,,sheol,,,,,,
,,,,,,,,,,,,,,,,,,,,,,,,,,,,,,,,,,,,,,,,,,,,,,,,,,,,,,,,,,,,,,,,,,,,,,,,,,,
,,,,,,,,,,,,,,,,,,,,,,,,,,,,,,,,,,,,,,,,,,,,,,,,,,,,,,,,,,,,,,,,,,,,,,,,,,,
,,,,,,,,,,,,,,,,,,,,,,,,,,,,,,,,,,,,,,,,,,,,,,,,,,,,,,,,,,,,,,,,,,,,,,,,,,,
,,,,,,,,,,,,,,,,,,,,,,,,,,,,,,,,,,,,,,,,,,,,,,,,,,,,,,,,,,,,,,,,,,,,,,,,,,,
,,,,,,,,,,,,,,,,,,,,,,,,,,,,,,,,,,,,,,,,,,,,,,,,,,,,,,,,,,,,,,,,,,,,,,,,,,,
,,,,,,,,,,,,,,,,,,,,,,,,,,,,,,,,,,,,,,,,,,,,,,,,,,,,,,,,,,,,,,,,,,,,,,,,,,,
,,,,,,,,,,,,,,,,,,,,,,,,,,,,,,,,,,,,,,,,,,,,,,,,,,,,,,,,,,,,,,,,,,,,,,,,,,,
,,,,,,,,,,,,,,,,,,,,,,,,,,,,,,,,,,,,,,,,,,,,,,,,,,,,,,,,,,,,,,,,,,,,,,,,,,,
,,,,,,,,,,,,,,,,,,,,,,,,,,,,,,,,,,,,,,,,,,,,,,,,,,,,,,,,,,,,,,,,,,,,,,,,,,,
,,,,,,,,,,,,,,,,,,,,,,,,,,,,,,,,,,,,,,,,,,,,,,,,,,,,,,,,,,,,,,,,,,,,,,,,,,,
,,,,,,,,,,,,,,,,,,,,,,,,,,,,,,,,,,,,,,,,,,,,,,,,,,,,,,,,,,,,,,,,,,,,,,,,,,,
,10x10,,fireplace,,,,,,,,,10x10,,hidenseek,,,,,,,,,10x10,,noturtling,,,,,,,,,10x10,,ruins,,,,,,,,,10x10,,battledome,,,,,,,,,10x10,,corridor,,,,,,,,,10x10,,craterlake,,,,,,
,,,,,,,,,,,,,,,,,,,,,,,,,,,,,,,,,,,,,,,,,,,,,,,,,,,,,,,,,,,,,,,,,,,,,,,,,,,
,,,,,,,,,,,,,,,,,,,,,,,,,,,,,,,,,,,,,,,,,,,,,,,,,,,,,,,,s,,,,,,,,,,,,,
,,,,,,,,,,,,,,,,,,,,,,,,,,,,,,,,,,,,,,,,,,,,,,,,,,,,,,,,,,,st,,,s,,,,,,,,,,,,,
,,,,,,,,,,,,,,,,,,,,,,,,,,,,,,,,,,,,,,,,,,,,,,,,,,,,,,,,,,,,,,,,,,,,,,,,,,,
,,,,,,,,,,,,,,,,,,,,,,,,,,,,,,,,,,,,,,,,,,,,,,,,,,,,,,,,s,st,,,,,,,s,,,,,,,,,,,
,,,,,,,,,,,,,,,,,,,,,,,,,,,,,,,,,,,,,,,,,,,,,,,,,,,,,,,,,,,,s,s,,b,s,,,,,,,,,,,
,,,,,,,,,,,,,,,,,,,,,,,,,,,,,,,,,,,,,,,,,,,,,,,,,,,,,,,,,,,,,l,,,b,,,,,,,,,,,
,,,,,,,,,,,,,,,,,,,,,,,,,,,,,,,,,,,,,,,,,,,,,,,,,,,,,,,,bt,bt,,,s,,,b,,,,,,,,,,,
,,,,,,,,,,,,,,,,,,,,,,,,,,,,,,,,,,,,,,,,,,,,,,,,,,,,,,,,,,b,,,st,,,,,,,,,,,,,,
,,,,,,,,,,,,,,,,,,,,,,,,,,,,,,,,,,,,,,,,,,,,,,,,,,,,,,,,,,,,,st,,,,,,,,,,,,,,
,,,,,,,,,,,,,,,,,,,,,,,,,,,,,,,,,,,,,,,,,,,,,,,,,,,,,,,,,,,,,,,,s,l,,,,,,,,,,
,10x10,,flowerlake,,,,,,,,,10x10,,northpole,,,,,,,,,10x10,,s,,,,,,,,,10x10,,stadium,,,,,,,,,10x10,,bonecrusher,,,,,,,,,10x10,,collapsedtemple,,,,,,,,,10x10,,frozenfate,,,,,,
,,,,,,,,,,,,,,,,,,,,,,,,,,,,,,,,,,,,,,,,,,,,,,,,,,,,,,,,,,,,,,,,,,,,,,,,,,,
,,,,,,,,,,,,,,,,,,,,,,,,,,,,,,,,,,,,,,,,,,,,,,,,,,,,,,,,,,,,,,,,,,,,,,,,,,,
,,,,,,,,,,,,,,,,,,,,,,,,,,,,,,,,,,,,,,,,,,,,,,,,,,,,,,,,,,,,,,,,,,,,,,,,,,,
,,,,,,,,,,,,,,,,,,,,,,,,,,,,,,,,,,,,,,,,,,,,,,,,,,,,,,,,,,,,,,,,,,,,,,,,,,,
,,,,,,,,,,,,,,,,,,,,,,,,,,,,,,,,,,,,,,,,,,,,,,,,,,,,,,,,,,,,,,,,,,,,,,,,,,,
,,,,,,,,,,,,,,,,,,,,,,,,,,,,,,,,,,,,,,,,,,,,,,,,,,,,,,,,,,,,,,,,,,,,,,,,,,,
,,,,,,,,,,,,,,,,,,,,,,,,,,,,,,,,,,,,,,,,,,,,,,,,,,,,,,,,,,,,,,,,,,,,,,,,,,,
,,,,,,,,,,,,,,,,,,,,,,,,,,,,,,,,,,,,,,,,,,,,,,,,,,,,,,,,,,,,,,,,,,,,,,,,,,,
,,,,,,,,,,,,,,,,,,,,,,,,,,,,,,,,,,,,,,,,,,,,,,,,,,,,,,,,,,,,,,,,,,,,,,,,,,,
,,,,,,,,,,,,,,,,,,,,,,,,,,,,,,,,,,,,,,,,,,,,,,,,,,,,,,,,,,,,,,,,,,,,,,,,,,,
,,,,,,,,,,,,,,,,,,,,,,,,,,,,,,,,,,,,,,,,,,,,,,,,,,,,,,,,,,,,,,,,,,,,,,,,,,,
,10x10,,polarregion,,,,,,,,,10x10,,shrine,,,,,,,,,10x10,,summit,,,,,,,,,10x10,,tundra,,,,,,,,,10x10,,doubleuturn,,,,,,,,,10x10,,mistforest,,,,,,,,,10x10,,quadrants,,,,,,
,,,,,,,,,,,,,,,,,,,,,,,,,,,,,,,,,,,,,,,,,,,,,,,,,,,,,,,,,,,,,,,,,,,,,,,,,,,
,,,,,,,,,,,,,,,,,,,,,,,,,,,,,bt,,bt,,,,,,,,,,,,,,,,,,,,,,s,s,,,,,w,w,,,w,w,f,,,,,,,,,,
,,,,,,,,,,,,,,,,,,,,,,,,i,,i,,bt,f,,w,bt,,,,,,,,,,,,,,,i,l,i,,,,,s,,,,,st,w,w,st,st,f,f,,,,,,s,st,,,
,,,,,,,,,,,,,,,i,,,,,,,,,,i,,,,,,,,,,,b,b,,,b,b,,,,,,a,,,,i,,,s,,,,st,st,f,f,f,,,,,,,,,b,st,st,,
,,,,,,,,,,,,,,,,,,,,,,,,i,,i,,bt,w,,f,bt,,,,b,s,a,a,s,b,,,,,,,a,a,,l,,,,,,,,w,f,,,,,,,,,st,,a,s,,,
,,,,,,,,,,,,,,,,,,,,,,,,,,,,,bt,,bt,,,,,,a,l,l,a,,,,,,,,,,a,i,,,,,,,f,w,w,,,,,,,,st,st,s,a,a,a,b,st
,,,,,,,,,,,,,,,,,,,,,,,s,,,w,s,,,,,,,,,,a,l,l,a,,,,,,,,i,a,,,,,,,,f,f,,,,,,,,,,s,b,a,a,a,s,st,st
,,,,,,,,,,,,,,,,,,,,,,,w,,f,,,,st,st,st,,,,,b,s,a,a,s,b,,,,,,,l,,a,a,,,,,,,st,,,,,,,,,,,,,s,a,,st,
,,,,,,,,,,,,,i,,,,,i,,,,,,f,s,f,,,st,,st,,,,,b,b,,,b,b,,,,s,,,i,,,,a,,,,,f,st,,,,,,,,,,,,st,st,b,,,
,,,,,,,,,,,,,,,,,,,,,,,,,f,,w,,st,st,st,,,,,,,,,,,,,,s,,,,,i,l,i,,,,f,f,,,,,,,,,,,,,,st,s,,,
,,,,,,,,,,,,,,,,,,,,,,,s,w,,,s,,,,,,,,,,,,,,,,,,s,s,,,,,,,,,,f,,,,,,,,,,,,,,,,,,,
,10x10,,watchtower,,,,,,,,,10x10,,cityscale,,,,,,,,,10x10,,everywheretorun,,,,,,,,,10x10,,volcano,,,,,,,,,10x10,,icepass,,,,,,,,,10x10,,weepingvine,,,,,,,,,10x10,,geargrind,,,,,,
,,,,,,,,,,,,,,,,,,,,,,,,,,,,,,,,,,,,,,,,,,,,,,,,,,,,,,,,,,,,,,,,,,,,,,,,,,,
,,,,,,,,,,,,s,,,,s,s,,,,s,,,,,,,,,,,,,,,,f,w,,f,,,,,,,,,,,,,s,s,,,,,f,,w,,,,w,,,,,,,,,,
,,,w,w,w,w,,,,,,,,,,i,i,,,,,,,,,,,,,s,,,,,,,,w,,,,,,,,,,,,,,i,i,s,,,,,f,,w,,,s,w,,,,,,,,,,
,,,i,w,w,w,,,,,,,,,,,,,,,,,,,s,s,s,,,,,,,,,,f,w,,f,,,,,,,,,,,s,i,i,,,,,,f,,w,,w,w,,,,,,,,,,,
,,,,i,w,w,,,,,,,,,i,,,i,,,,,,,,s,s,a,,,,,,,,f,w,w,,,f,,,,,,,,,,s,s,,,,,,,,,,,,,,,,,,,,,,,
,,,,,i,w,,,,,,s,i,,,,,,,i,s,,,,,a,a,a,a,,,,,,,f,f,w,,f,f,,,,,,,,,,,,,,,st,st,,s,st,s,,f,f,f,,,,,,,,,,
,,,,,f,,,,,,,s,i,,,,,,,i,s,,,,,a,a,a,a,,,,,,f,w,w,w,,,,f,,,,,,,,,,,,,,,,,st,,st,,,,,,,,,,,,,,
,,,,,f,f,i,,,,,,,,i,,,i,,,,,,,,,a,s,s,,,,,,,f,f,w,,f,f,,,,,,s,s,,,,,,,,f,f,,s,st,s,,st,st,st,,,,,,,,,,
,,,,,f,f,f,i,,,,,,,,,,,,,,,,,,,,s,s,s,,,,,,,f,w,,f,,,,,,i,i,s,,,,,,,,,,,,,,,,,,,,,,,,,,,
,,,,,f,f,f,f,,,,,,,,i,i,,,,,,,,s,,,,,,,,,,f,f,w,w,,,f,f,,,s,i,i,,,,,,,,,,,,w,,f,,,,,,,,,,,,,,
,,,,,,,,,,,,s,,,,s,s,,,,s,,,,,,,,,,,,,,,f,f,w,,f,f,,,,s,s,,,,,,,,,,,,,w,,f,,,,,,,,,,,,,,
,10x10,,interceptor,,,,,,,,,10x10,,gelidchamber,,,,,,,,,10x10,,twinpeaks,,,,,,,,,10x10,,flowingforest,,,,,,,,,10x10,,twinglaciers,,,,,,,,,10x10,,sunandmoon,,,,,,,,,10x10,,frown,,,,,,
,,,,,,,,,,,,,,,,,,,,,,,,,,,,,,,,,,,,,,,,,,,,,,,,,,,,,,,,,,,,,,,,,,,,,,,,,,,
,,,,,,,,,,,,,,,,,,,,,,,s,,,,,s,s,s,s,s,,,,,,,,,,,,,,,,,,,,,,,,,,,,,,s,,,,,,,,,,,,,
,,,,,,,,,,,,,,s,,,s,,,,,,,,,,,,s,s,s,s,,,,,,,,,,,,,,,,,,,,,,,,,,,st,,,s,,,,,,,,,,,,,
,,,,,,,,,,,,,s,s,,,s,s,s,,,,,,w,a,w,,s,s,s,s,,,,,,,,,,,,,,,,,,,,,,,,,,,,,,,,,,,,,,,,,,,
,,,,,,,,,,,,,,,,,,,s,,,,,,a,,,,,s,s,s,,,,,,,,,,,,,,,bt,,,,bt,,,,,s,st,,,,,,,s,,,,,,,,,,,
,,,,,,,,,,,,,,,,,,,s,s,,,,,w,,,,,,,s,,,,,,,,,,,,,,,bt,,b,,bt,,,,,,,,,s,s,,b,s,,,,,,,,,,,
,,,,,,,,,,,,,s,s,,,,,,,,,s,,,,,,,f,,,,,,,,,,,,,,,,,bt,,,,bt,,,,,,,,,,l,,,b,,,,,,,,,,,
,,,,,,,,,,,,,,s,,,,,,,,,s,s,s,,,,,a,,,,,,,,,,,,,,,,,bt,,,,,,,,,,bt,bt,,,s,,,b,,,,,,,,,,,
,,,,,,,,,,,,,,s,s,s,,,s,s,,,s,s,s,s,,f,a,f,,,,,,,,,,,,,,,,,,,,,,,,,,,,b,,,st,,,,,,,,,,,,,,
,,,,,,,,,,,,,,,,s,,,s,,,,s,s,s,s,,,,,,,,,,,,,,,,,,,,,,,,,,,,,,,,,,,st,,,,,,,,,,,,,,
,,,,,,,,,,,,,,,,,,,,,,,s,s,s,s,s,,,,,s,,,,,,,,,,,,,,,,,,,,,,,,,,,,,,,,s,l,,,,,,,,,,
,10x10,,swamp,,,,,,,,,10x10,,squiggle,,,,,,,,,10x10,,duel,,,,,,,,,10x10,,trenches,,,,,,,,,10x10,,lol,,,,,,,,,10x10,,collapsedtemple,,,,,,,,,10x10,,zoom,,,,,,
,,,,,,,,,,,,,,,,,,,,,,,,,,,,,,,,,,,,,,,,,,,,,,,,,,,,,,,,,,,,,,,,,,,,,,,,,,,
,,,,,,,,,,,,,,,,,,,,,,,,,,,,,,,,,,,,,,,,,,,,,,,,,,,,,,,,,,,,,,,,,,,,,,,,,,,
,,,,,,,,,,,,,,,,,,,,,,,,,,,,,,,,,,,,,,,,,,,,,,,,,,,,,,,,,,,,,,,,,,,,,,,,,,,
,,,,,,,,,,,,,,,,,,,,,,,,,,,,,,,,,,,,,,,,,,,,,,,,,,,,,,,,,,,,,,,,,,,,,,,,,,,
,,,,,,,,,,,,,,,,,,,,,,,,,,,,,,,,,,,,,,,,,,,,,,,,,,,,,,,,,,,,,,,,,,,,,,,,,,,
,,,,,,,,,,,,,,,,,,,,,,,,,,,,,,,,,,,,,,,,,,,,,,,,,,,,,,,,,,,,,,,,,,,,,,,,,,,
,,,,,,,,,,,,,,,,,,,,,,,,,,,,,,,,,,,,,,,,,,,,,,,,,,,,,,,,,,,,,,,,,,,,,,,,,,,
,,,,,,,,,,,,,,,,,,,,,,,,,,,,,,,,,,,,,,,,,,,,,,,,,,,,,,,,,,,,,,,,,,,,,,,,,,,
,,,,,,,,,,,,,,,,,,,,,,,,,,,,,,,,,,,,,,,,,,,,,,,,,,,,,,,,,,,,,,,,,,,,,,,,,,,
,,,,,,,,,,,,,,,,,,,,,,,,,,,,,,,,,,,,,,,,,,,,,,,,,,,,,,,,,,,,,,,,,,,,,,,,,,,
,,,,,,,,,,,,,,,,,,,,,,,,,,,,,,,,,,,,,,,,,,,,,,,,,,,,,,,,,,,,,,,,,,,,,,,,,,,
,,,,,,,,,,,,,,,,,,,,,,,,,,,,,,,,,,,,,,,,,,,,,,,,,,,,,,,,,,,,,,,,,,,,,,,,,,,
,,,,,,,,,,,,,,,,,,,,,,,,,,,,,,,,,,,,,,,,,,,,,,,,,,,,,,,,,,,,,,,,,,,,,,,,,,,
,11x11,,hiddenlake,,,,,,,,,,11x11,,pullars,,,,,,,,,,11x11,,bridge,,,,,,,,,,11x11,,icestorm,,,,,,,,,,11x11,,raincloud,,,,,,,,,,11x11,,colosseum,,,,,,,,,,,,
,,,,,,,,,,,,,,,,,,,,,,,,,,,,,,,,,,,,,,,,,,,,,,,,,,,,,,,,,,,,,,,,,,,,,,,,,,,
,,,,,,,,,,,,,,,,,,,,,,,,,,,,,,,,,,,,,,,,,,,,,,,,,,,,,,,,,,,,,b,b,s,s,f,st,f,s,s,b,b,,,,
,,,,,,,,,,,,,,,,,,,,,,,,,,,,,,,,,,,,,,,,,,,,,,,,,,,,,,,,,,,,,b,s,s,f,f,s,f,f,s,s,b,,,,
,,,,,,,,,,,,,,,,,,,,,,,,,,,,,,,,,,,,,,,,,,,,,,,,,,,,,,,,,,,,,s,s,f,f,w,l,w,f,f,s,s,,,,
,,,,,,,,,,,,,,,,,,,,,,,,,,,,,,,,,,,,,,,,,,,,,,,,,,,,,,,,,,,,,s,f,f,w,w,a,w,w,f,f,s,,,,
,,,,,,,,,,,,,,,,,,,,,,,,,,,,,,,,,,,,,,,,,,,,,,,,,,,,,,,,,,,,,f,f,w,w,b,a,b,w,w,f,f,,,,
,,,,,,,,,,,,,,,,,,,,,,,,,,,,,,,,,,,,,,,,,,,,,,,,,,,,,,,,,,,,,st,s,l,a,a,i,a,a,l,s,st,,,,
,,,,,,,,,,,,,,,,,,,,,,,,,,,,,,,,,,,,,,,,,,,,,,,,,,,,,,,,,,,,,f,f,w,w,b,a,b,w,w,f,f,,,,
,,,,,,,,,,,,,,,,,,,,,,,,,,,,,,,,,,,,,,,,,,,,,,,,,,,,,,,,,,,,,s,f,f,w,w,a,w,w,f,f,s,,,,
,,,,,,,,,,,,,,,,,,,,,,,,,,,,,,,,,,,,,,,,,,,,,,,,,,,,,,,,,,,,,s,s,f,f,w,l,w,f,f,s,s,,,,
,,,,,,,,,,,,,,,,,,,,,,,,,,,,,,,,,,,,,,,,,,,,,,,,,,,,,,,,,,,,,b,s,s,f,f,s,f,f,s,s,b,,,,
,,,,,,,,,,,,,,,,,,,,,,,,,,,,,,,,,,,,,,,,,,,,,,,,,,,,,,,,,,,,,b,b,s,s,f,st,f,s,s,b,b,,,,
,11x11,,islands,,,,,,,,,,11x11,,fusioncore,,,,,,,,,,11x11,,junction,,,,,,,,,,11x11,,marsh,,,,,,,,,,11x11,,hallways,,,,,,,,,,11x11,,madhouse,,,,,,,,,,,,
,,,,,,,,,,,,,,,,,,,,,,,,,,,,,,,,,,,,,,,,,,,,,,,,,,,,,,,,,,,,,,,,,,,,,,,,,,,
,s,s,,,,,,,,s,s,,,,,,,,,,,,,,,,,,,,,,,,,,,,,,,,,,,,,,,,,,,,,,,,,,,,,,,,,,,,,,,,
,s,s,,,,,,,,s,s,,,,s,s,b,,,,,,,,,,,,,,,,,,,,,,,,,,,,,,,,,,,,,,,,,,,,,,,,,,,,,,,,,,
,,,i,,,,,,i,,,,,,s,s,s,,,b,s,s,,,,,,,,,,,,,,,,,,,,,,,,,,,,,,,,,,,,,,,,,,f,f,,f,f,,,,,,,
,,,,s,s,,s,s,,,,,,,b,s,,,,s,s,s,,,,,,,,,,,,,,,,,,,,,,,,,,,,,,,,,,,,,,,,,f,bt,bt,f,bt,bt,f,,,,,,
,,i,,s,s,,s,s,,i,,,,,,,,,,,s,b,,,,,,,,,,,,,,,,,,,,,,,,,,,,,,,,,,,,,,,,,f,bt,bt,f,bt,bt,f,,,,,,
,i,,,s,s,,s,s,,,i,,,,,,,s,,,,,,,,,,,,,,,,,,,,,,,,,,,,,,,,,,,,,,,,,,,,,,f,f,bt,f,f,,,,,,,
,,i,,s,s,,s,s,,i,,,,b,s,,,,,,,,,,,,,,,,,,,,,,,,,,,,,,,,,,,,,,,,,,,,,,,,f,bt,bt,f,bt,bt,f,,,,,,
,,,,,,i,,,,,,,,s,s,s,,,,s,b,,,,,,,,,,,,,,,,,,,,,,,,,,,,,,,,,,,,,,,,,,f,bt,bt,f,bt,bt,f,,,,,,
,s,,,s,s,s,s,s,,,s,,,s,s,b,,,s,s,s,,,,,,,,,,,,,,,,,,,,,,,,,,,,,,,,,,,,,,,,,,,f,f,,f,f,,,,,,,
,s,,,s,s,s,s,s,,,s,,,,,,,,b,s,s,,,,,,,,,,,,,,,,,,,,,,,,,,,,,,,,,,,,,,,,,,,,,,,,,,,,,,
,s,,,,,i,,,,,s,,,,,,,,,,,,,,,,,,,,,,,,,,,,,,,,,,,,,,,,,,,,,,,,,,,,,,,,,,,,,,,,
,11x11,,snowyvillage,,,,,,,,,,11x11,,fortress,,,,,,,,,,11x11,,lavaflows,,,,,,,,,,11x11,,frigidflowers,,,,,,,,,,11x11,,highlands,,,,,,,,,,11x11,,petals,,,,,,,,,,,,
,,,,,,,,,,,,,,,,,,,,,,,,,,,,,,,,,,,,,,,,,,,,,,,,,,,,,,,,,,,,,,,,,,,,,,,,,,,
,,,,,,,,,,,,,,,,,,,,,,,,,,,,,,,,,,,,,,,,,,,,,,,,,s,,s,s,,b,,s,s,,s,,a,b,b,b,b,b,b,b,b,b,a,,,,
,,,,,,,,,,,,,,,,,,,,,,,,,,,,,bt,bt,bt,,,,,,,,,,,,,,,,,,,,f,f,,,,f,f,,,,,a,b,b,b,b,b,b,b,a,,,,,
,,,,,,,,,,,,,,,,,,,,,,,,,,,,bt,,bt,,bt,f,f,,,,,,,,,,,,,,,s,f,,,,w,,,,f,s,,,w,a,a,b,b,b,a,a,,w,,,,
,,,,,,,,,,,,,,,,,,,,,,,,,,,bt,bt,,,bt,,bt,f,,,,,,,,,,,,,,,s,f,,w,w,,w,w,,f,s,,w,,,,a,a,a,,,,,,,,
,,,,,,,,,,,,,,,,,,,,,,,,,,,bt,,bt,bt,bt,,bt,,,,,,,,,,,,,,,,,,,w,,,,w,,,,,,,w,,,,w,,,w,,,,,
,,,,,,,,,,,,,,,,,,,,,,,,,,,f,bt,,,bt,bt,,,,,,,,,,,,,,,,,b,,w,,,b,,,w,,b,,,w,,,,w,,,w,,,,,,
,,,,,,,,,,,,,,,,,,,,,,,,,,f,f,f,bt,bt,f,f,f,,,,,,,,,,,,,,,,,,,w,,,,w,,,,,,,,w,,,,,,,w,,,,
,,,,,,,,,,,,,,,,,,,,,,,,,,f,f,,,f,f,f,f,,,,,,,,,,,,,,,,s,f,,w,w,,w,w,,f,s,,,,w,,,,w,,,w,,,,,
,,,,,,,,,,,,,,,,,,,,,,,,,,,,,,f,,f,,,,,,,,,,,,,,,,,s,f,,,,w,,,,f,s,,w,,,,,w,,,,,,,,,
,,,,,,,,,,,,,,,,,,,,,,,,,,,,,f,,,,,,,,,,,,,,,,,,,,,,f,f,,,,f,f,,,,,,w,w,w,w,w,w,,,,,,,
,,,,,,,,,,,,,,,,,,,,,,,,,,,,,,,,,,,,,,,,,,,,,,,,,s,,s,s,,b,,s,s,,s,,w,w,w,w,w,w,w,w,w,w,w,,,,
,11x11,,electriccircuit,,,,,,,,,,11x11,,sunsets,,,,,,,,,,11x11,,rose,,,,,,,,,,11x11,,cave,,,,,,,,,,11x11,,royalgarden,,,,,,,,,,11x11,,rainstorm,,,,,,,,,,,,
,,,,,,,,,,,,,,,,,,,,,,,,,,,,,,,,,,,,,,,,,,,,,,,,,,,,,,,,,,,,,,,,,,,,,,,,,,,
,,,,w,w,,f,,,,,,b,,,,b,b,b,,,,b,,,,,,,,,,,,,,,,,,,,,,,,,,,,,,,,,,,,,,,,,,,,,,,,,,,,
,,,,,w,,f,f,,,,,,,,,,b,,,,,,,,,,,,,,,,,,,,,, ,,,, ,,,,,,,,,,,,,,,,,,,,,,,,,,,,,,,
,,,,,,w,,f,,,,,,,bt,,,,,,bt,,,,,,,,,,,,,,,,,,,,,,,,,,,,,,,,,,,,,,,,,,,,,,,,,,,,,,
,,f,f,f,,w,,f,,,w,,,,,bt,,,,bt,,,,,,,,,,,,,,,,,, ,,,, ,,,, ,,,,,,,,,,,,,,,,,,,,,,,,,,,,,
,f,f,,,f,w,f,,,w,w,,b,,,,,,,,,,b,,,,,,,,,,,,,,,,,,,,,,,,,,,,,,,,,,,,,,,,,,,,,,,,,,,,
,,,w,w,w,,w,w,w,,,,b,b,,,,bt,,,,b,b,,,,,,,,,,,,,,,,, ,,,, ,,,,,,,,,,,,,,,,,,,,,,,,,,,,,,,
,w,w,,,f,w,f,,,f,f,,b,,,,,,,,,,b,,,,,,,,,,,,,,,,,,,,,,,,,,,,,,,,,,,,,,,,,,,,,,,,,,,,
,w,,,f,,w,,f,f,f,,,,,,bt,,,,bt,,,,,,,,,,,,,,,,,, ,,,, ,,,, ,,,,,,,,,,,,,,,,,,,,,,,,,,,,,
,,,,f,,w,,,,,,,,,bt,,,,,,bt,,,,,,,,,,,,,,,,,,,,,,,,,,,,,,,,,,,,,,,,,,,,,,,,,,,,,,
,,,,f,f,,w,,,,,,,,,,,b,,,,,,,,,,,,,,,,,,,,,, ,,,, ,,,,,,,,,,,,,,,,,,,,,,,,,,,,,,,
,,,,,f,,w,w,,,,,b,,,,b,b,b,,,,b,,,,,,,,,,,,,,,,,,,,,,,,,,,,,,,,,,,,,,,,,,,,,,,,,,,,
,11x11,,junglemaelstrom,,,,,,,,,,11x11,,clover,,,,,,,,,,11x11,,zonestelu,,,,,,,,,,11x11,,tictactoe,,,,,,,,,,11x11,,datdoiboimap,,,,,,,,,,11x11,,datjoiboimap,,,,,,,,,,,,
,,,,,,,,,,,,,,,,,,,,,,,,,,,,,,,,,,,,,,,,,,,,,,,,,,,,,,,,,,,,,,,,,,,,,,,,,,,
,,,,,,,,,,,,,,,,,,,,,,,,,,,,,,,,,,,,,,,,,,,,,,,,,,,,,,,,,,,,,,,,,,,,,,,,,,,
,,,,,,st,st,,,,,,,,,,,,,,,,,,,,w,w,w,w,w,,,w,w,w,w,w,,,,,,,,,,,,,,,,,,,,,,,,,,,,,,,,,,,,,
,,,,,,s,s,,,,,,,,,,,,,,,,,,,,w,w,w,w,w,,,w,w,w,w,w,,,,,,,,,,,,,,,,,,,,,,,,,,,,,,,,,,,,,
,,,,,,s,s,,,,,,,,,,,,,,,,,,,,w,w,s,s,s,,,s,s,s,w,w,,,,s,,,l,l,,,s,,,,,,,,,,,,,,,,,,,,,,,,,,
,,,,,,a,a,,,,,,,,,,,,,,,,,,,,w,w,s,,,,,,,s,w,w,,,,,s,,,,,s,,,,,,,,,,,,,,,,,,,,,,,,,,,
,,,,,,a,a,,,,,,,,,,,,,,,,,,,,w,w,s,,,,,,,s,w,w,,,,,,s,,,s,,,,,,,,,,,,,,,,,,,,,,,,,,,,
,st,s,s,a,a,s,s,a,a,s,s,st,,,,,,,,,,,,,,,,,,,,s,s,,,,,,,,,l,,,a,a,,,l,,,,,,,,,,,,,,,,,,,,,,,,,,
,st,s,s,a,a,s,s,a,a,s,s,st,,,,,,,,,,,,,,,,,,,,s,s,,,,,,,,,l,,,a,a,,,l,,,,,,,,,,,,,,,,,,,,,,,,,,
,,,,,,a,a,,,,,,,,,,,,,,,,,,,,w,w,s,,,,,,,s,w,w,,,,,,s,,,s,,,,,,,,,,,,,,,,,,,,,,,,,,,,
,,,,,,a,a,,,,,,,,,,,,,,,,,,,,w,w,s,,,,,,,s,w,w,,,,,s,,,,,s,,,,,,,,,,,,,,,,,,,,,,,,,,,
,,,,,,s,s,,,,,,,,,,,,,,,,,,,,w,w,s,s,s,,,s,s,s,w,w,,,,s,,,l,l,,,s,,,,,,,,,,,,,,,,,,,,,,,,,,
,,,,,,s,s,,,,,,,,,,,,,,,,,,,,w,w,w,w,w,,,w,w,w,w,w,,,,,,,,,,,,,,,,,,,,,,,,,,,,,,,,,,,,,
,,,,,,st,st,,,,,,,,,,,,,,,,,,,,w,w,w,w,w,,,w,w,w,w,w,,,,,,,,,,,,,,,,,,,,,,,,,,,,,,,,,,,,,
,12x12,,celticcross,,,,,,,,,,,12x12,,windcastle,,,,,,,,,,,12x12,,moat,,,,,,,,,,,12x12,,steamchamber,,,,,,,,,,,12x12,,shatteredwind,,,,,,,,,,,,,,,,,,,,
,,,,,,,,,,,,,,,,,,,,,,,,,,,,,,,,,,,,,,,,,,,,,,,,,,,,,,,,,,,,,,,,,,,,,,,,,,,
,,,,,,,,,,,,,,,st,,,a,,,a,,,st,,,s,s,s,s,s,st,st,st,s,s,s,s,,,,,w,w,s,w,,w,,,,,,,,,,,,,,,,,,,,,,,,,,,
,,,,,,,,,,,,,,,st,,,a,,,a,,,st,,,st,st,s,s,s,st,st,,s,s,s,s,,,,,,w,w,w,w,,w,w,,,,,,,,,,,,,,,,,,,,,,,,,
,,,st,st,a,bt,bt,a,st,st,,,,,st,,,a,,,a,,,st,,,st,st,,,s,,,,s,,st,st,,,,b,,,w,w,w,w,b,w,,,,,s,b,b,b,s,,,s,,,,,,,,,,,,,
,,,st,st,a,bt,bt,a,st,st,,,,,st,,,a,,,a,,,st,,,st,,,,,,,,,,st,st,,f,,,b,,,,w,b,w,w,w,,,,,,,,,,,b,,,,,,,,,,,,,
,,,a,a,,,,,a,a,,,,,st,,,a,,,a,,,st,,,s,,,,,,,,,,,st,,f,f,,,i,,,i,w,s,w,w,,,,,,bt,bt,,bt,,b,,,,,,,,,,,,,
,,,bt,bt,,,,,bt,bt,,,,,st,,,a,,,a,,,st,,,s,s,s,,,,,,,,s,s,,f,s,f,,,,,,,w,w,w,,,,s,,,,,bt,,b,,,,,,,,,,,,,
,,,bt,bt,,,,,bt,bt,,,,,st,,,a,,,a,,,st,,,s,s,,,,,,,,s,s,s,,,f,f,,,,,,,w,,w,,,,b,,bt,,,,,s,,,,,,,,,,,,,
,,,a,a,,,,,a,a,,,,,st,,,a,,,a,,,st,,,st,,,,,,,,,,,s,,f,f,f,f,i,,,i,,,w,,,,,b,,bt,,bt,bt,,,,,,,,,,,,,,,
,,,st,st,a,bt,bt,a,st,st,,,,,st,,,a,,,a,,,st,,,st,st,,,,,,,,,,st,,f,,f,b,f,,,,b,,,w,,,,b,,,,,,,,,,,,,,,,,,,,
,,,st,st,a,bt,bt,a,st,st,,,,,st,,,a,,,a,,,st,,,st,st,,s,,,,s,,,st,st,,,f,b,f,f,f,f,,,b,,,,,,s,,,s,b,b,b,s,,,,,,,,,,,,,
,,,,,,,,,,,,,,,st,,,a,,,a,,,st,,,s,s,s,s,,st,st,s,s,s,st,st,,,f,f,f,f,s,f,f,,,,,,,,,,,,,,,,,,,,,,,,,,,,
,,,,,,,,,,,,,,,st,,,a,,,a,,,st,,,s,s,s,s,st,st,st,s,s,s,s,s,,,,,f,,f,f,,f,,,,,,,,,,,,,,,,,,,,,,,,,,,
,12x12,,bracelet,,,,,,,,,,,12x12,,beams,,,,,,,,,,,12x12,,hecticgon,,,,,,,,,,,12x12,,krisis,,,,,,,,,,,12x12,,batons,,,,,,,,,,,,,,,,,,,,
,,,,,,,,,,,,,,,,,,,,,,,,,,,,,,,,,,,,,,,,,,,,,,,,,,,,,,,,,,,,,,,,,,,,,,,,,,,
,,,,st,,,,,st,,,,,,,,,,,,,,b,s,s,,,,,,,,,,,,,,,i,i,,,,,i,,,,i,i,,w,w,w,w,w,bt,bt,w,w,w,w,w,,,,,,,,,,,
,,,,st,,,,,st,,,,,,,w,w,w,w,w,,,b,s,s,,,,f,,,,,,,,f,,,i,,i,i,,,,w,,,,i,,w,f,f,f,f,,,a,a,a,a,w,,,,,,,,,,,
,,,,st,,,,,st,,,,,w,w,w,b,s,,w,w,w,w,b,s,,,a,f,,,,,,,,f,,,,,,,w,,,i,,,i,,,w,f,f,,,,,,,a,a,w,,,,,,,,,,,
,a,a,f,f,,,,,w,w,a,a,,,,,s,s,,,,,w,w,w,,,a,f,s,,,,,s,,f,w,,,,,,,i,,,,,i,,,w,f,,,,s,s,,,,a,w,,,,,,,,,,,
,,,,f,,,,,w,,,,,,,,s,,,f,f,f,f,f,f,,,a,f,s,,bt,,,s,,f,w,,,w,i,,,i,,,,w,,,,w,f,,,,s,s,,,,a,w,,,,,,,,,,,
,l,l,,a,,,,,a,,l,l,,s,,,,f,f,f,,b,,,,,w,a,f,s,,bt,,,s,,f,w,,i,,,,,,,i,i,,,,,bt,,,s,s,s,s,s,s,,,bt,,,,,,,,,,,
,l,l,,a,,,,,a,,l,l,,b,f,f,f,f,,,,b,s,,,,w,a,f,s,,bt,,,s,st,f,,,,,,i,i,,,,,,,i,,bt,,,s,s,s,s,s,s,,,bt,,,,,,,,,,,
,,,,f,,,,,w,,,,,f,f,,,,,,b,s,s,,,,w,a,f,s,,bt,,,s,st,f,,,,,w,,,,i,,,i,w,,,w,a,,,,s,s,,,,f,w,,,,,,,,,,,
,a,a,f,f,,,,,w,w,a,a,,,,w,w,w,w,,s,s,,,,,w,a,,s,,,,,s,st,,,,,i,,,,,i,,,,,,,w,a,,,,s,s,,,,f,w,,,,,,,,,,,
,,,,st,,,,,st,,,,,w,w,w,,,w,w,w,s,,,,,w,,,,,,,,,st,,,,,i,,,i,,,w,,,,,,w,a,a,,,,,,,f,f,w,,,,,,,,,,,
,,,,st,,,,,st,,,,,,,s,s,b,,,w,w,w,w,w,,w,,,,,,,,,,,,,i,,,,w,,,,i,i,,i,,w,a,a,a,a,,,f,f,f,f,w,,,,,,,,,,,
,,,,st,,,,,st,,,,,,,s,s,s,b,,,,,,,,,,,,,,,,,,,,,i,i,,,,i,,,,,i,i,,w,w,w,w,w,bt,bt,w,w,w,w,w,,,,,,,,,,,
,12x12,,market,,,,,,,,,,,12x12,,pathfinder,,,,,,,,,,,12x12,,strips,,,,,,,,,,,12x12,,frostbite,,,,,,,,,,,12x12,,valleyofthecross,,,,,,,,,,,,,,,,,,,,
,,,,,,,,,,,,,,,,,,,,,,,,,,,,,,,,,,,,,,,,,,,,,,,,,,,,,,,,,,,,,,,,,,,,,,,,,,,
,,,,,,,,,,,,,,,,,,,,,,,,,,,,,,,,,,,,,,,,,,,,,,,,,,,,,,,,,,,,,,,,,,,,,,,,,,,
,,,,b,,,,,,,,,,,,,,,,,,,,,,,,,,,,,,,,,,,,,,,,,,,,,,,,,,,,,,,,,,,,,,,,,,,,,,,
,,,bt,b,st,,,,,,,,,,,,,,,,,,,,,,,,,,,,,,,,,,,,,,,,,,,,,,,,,,,,,,,,,,,,,,,,,,,,,,
,,,l,bt,bt,st,,,,,,,,,,,,,,,,,,,,,,,,,,,,,,,,,,,,,,,,,,,,,,,,,,,,,,,,,,,,,,,,,,,,,
,,,b,b,bt,st,b,,,,,,,,,,,,,,,,,,,,,,,,,,,,,,,,,,,,,,,,,,,,,,,,,,,,,,,,,,,,,,,,,,,,
,,,,st,l,bt,l,b,,,,,,,,,,,,,,,,,,,,,,,,,,,,,,,,,,,,,,,,,,,,,,,,,,,,,,,,,,,,,,,,,,,
,,,,,b,st,bt,st,,,,,,,,,,,,,,,,,,,,,,,,,,,,,,,,,,,,,,,,,,,,,,,,,,,,,,,,,,,,,,,,,,,
,,,,,,st,bt,bt,l,b,,,,,,,,,,,,,,,,,,,,,,,,,,,,,,,,,,,,,,,,,,,,,,,,,,,,,,,,,,,,,,,,,
,,,,,,,st,b,bt,b,,,,,,,,,,,,,,,,,,,,,,,,,,,,,,,,,,,,,,,,,,,,,,,,,,,,,,,,,,,,,,,,,
,,,,,,,,b,bt,bt,,,,,,,,,,,,,,,,,,,,,,,,,,,,,,,,,,,,,,,,,,,,,,,,,,,,,,,,,,,,,,,,,
,,,,,,,,,b,,,,,,,,,,,,,,,,,,,,,,,,,,,,,,,,,,,,,,,,,,,,,,,,,,,,,,,,,,,,,,,,,,
,,,,,,,,,,,,,,,,,,,,,,,,,,,,,,,,,,,,,,,,,,,,,,,,,,,,,,,,,,,,,,,,,,,,,,,,,,,
,12x12,,forgottenmoldybaconbaguette,,,,,,,,,,,12x12,,infernus,,,,,,,,,,,,,,,,,,,,,,,,,,,,,,,,,,,,,,,,,,,,,,,,,,,,,,,,,,,
,,,,,,,,,,,,,,,,,,,,,,,,,,,,,,,,,,,,,,,,,,,,,,,,,,,,,,,,,,,,,,,,,,,,,,,,,,,
,,,,,,,,,,,,,,,,,,,,,,,,,,,,,,,,,,,,,,,,,,,,,,,,,,,,,,,,,,,,,,,,,,,,,,,,,,,
,,,,,,,,,,,,,,,,,,,,,,,,,,,,,,,,,,,,,,,,,,,,,,,,,,,,,,,,,,,,,,,,,,,,,,,,,,,
,,,,,,,,,,,,,,,,,,,,,,,,,,,,,,,,,,,,,,,,,,,,,,,,,,,,,,,,,,,,,,,,,,,,,,,,,,,
,,,,,,,,,,,,,,,,,,,,,,,,,,,,,,,,,,,,,,,,,,,,,,,,,,,,,,,,,,,,,,,,,,,,,,,,,,,
,,,,,,,,,,,,,,,,,,,,,,,,,,,,,,,,,,,,,,,,,,,,,,,,,,,,,,,,,,,,,,,,,,,,,,,,,,,
,,,,,,,,,,,,,,,,,,,,,,,,,,,,,,,,,,,,,,,,,,,,,,,,,,,,,,,,,,,,,,,,,,,,,,,,,,,
,,,,,,,,,,,,,,,,,,,,,,,,,,,,,,,,,,,,,,,,,,,,,,,,,,,,,,,,,,,,,,,,,,,,,,,,,,,
,,,,,,,,,,,,,,,,,,,,,,,,,,,,,,,,,,,,,,,,,,,,,,,,,,,,,,,,,,,,,,,,,,,,,,,,,,,
,,,,,,,,,,,,,,,,,,,,,,,,,,,,,,,,,,,,,,,,,,,,,,,,,,,,,,,,,,,,,,,,,,,,,,,,,,,
,,,,,,,,,,,,,,,,,,,,,,,,,,,,,,,,,,,,,,,,,,,,,,,,,,,,,,,,,,,,,,,,,,,,,,,,,,,
,,,,,,,,,,,,,,,,,,,,,,,,,,,,,,,,,,,,,,,,,,,,,,,,,,,,,,,,,,,,,,,,,,,,,,,,,,,
,,,,,,,,,,,,,,,,,,,,,,,,,,,,,,,,,,,,,,,,,,,,,,,,,,,,,,,,,,,,,,,,,,,,,,,,,,,
,,,,,,,,,,,,,,,,,,,,,,,,,,,,,,,,,,,,,,,,,,,,,,,,,,,,,,,,,,,,,,,,,,,,,,,,,,,
,,,,,,,,,,,,,,,,,,,,,,,,,,,,,,,,,,,,,,,,,,,,,,,,,,,,,,,,,,,,,,,,,,,,,,,,,,,
,13x13,,airlock,,,,,,,,,,,,13x13,,brimstone,,,,,,,,,,,,13x13,,stonehenge,,,,,,,,,,,,13x13,,ringoffire,,,,,,,,,,,,13x13,,valley,,,,,,,,,,,,,,,,
,,,,,,,,,,,,,,,,,,,,,,,,,,,,,,,,,,,,,,,,,,,,,,,,,,,,,,,,,,,,,,,,,,,,,,,,,,,
,,,,,,,,,,,,,,,f,f,f,w,w,w,w,w,w,w,f,f,f,,f,w,,,,,,,,,,w,f,,,bt,,w,,,,,,w,,bt,,,,,,,s,s,f,s,s,,,,,,,,,,
,,,,,,,,,,,,,,,,,s,w,w,w,w,w,w,i,s,f,f,,w,w,,st,,,,,,b,,w,w,,bt,f,f,,,f,,f,,,f,f,bt,,,,,i,i,,,,i,i,,,,,,,,,
,,,,,,,,,,,,,,,,,,s,i,w,i,s,w,,,,,,,,i,,s,a,a,a,s,,i,,,,,f,,,,,s,,,,,f,,,,,,bt,,i,,i,,bt,,,,,,,,,
,,,,,,,,,,,,,,,,,,,w,w,w,w,w,w,,,,,,b,,,,s,,s,,,,st,,,w,,,,,,s,,,,,,w,,,i,bt,l,bt,i,,i,bt,l,bt,i,,,,,,,
,,,,,,,,,,,,,,,,,,,w,w,w,w,w,w,s,,,,,,s,,,a,st,a,,,s,,,,,,,,bt,,,,bt,,,,,,s,i,,bt,,,,,,bt,,i,s,,,,,,
,,,,,,,,,,,,,,,,f,,,w,w,w,w,s,s,s,,,,,,a,s,a,,w,,a,s,a,,,,,f,,,,,s,,,,,f,,,s,,i,i,,,f,,,i,i,,s,,,,,,
,,,,,,,,,,,,,,,,s,,,w,w,w,s,s,s,,,,,,,a,,st,w,f,w,st,,a,,,,,,s,s,,s,s,s,,s,s,,,,f,,,,,f,bt,f,,,,,f,,,,,,
,,,,,,,,,,,,,,,,s,f,,w,w,w,w,w,,,,f,,,,a,s,a,,w,,a,s,a,,,,,f,,,,,s,,,,,f,,,s,,i,i,,,f,,,i,i,,s,,,,,,
,,,,,,,,,,,,,,,,,s,,w,w,w,w,w,,,f,s,,,,s,,,a,st,a,,,s,,,,,,,,bt,,,,bt,,,,,,s,i,,bt,,,,,,bt,,i,s,,,,,,
,,,,,,,,,,,,,,,,,,,w,w,w,w,w,,,s,s,,,st,,,,s,,s,,,,b,,,w,,,,,,s,,,,,,w,,,i,bt,l,bt,i,,i,bt,l,bt,i,,,,,,,
,,,,,,,,,,,,,,,,,,w,w,s,w,w,w,,,,,,,,i,,s,a,a,a,s,,i,,,,,f,,,,,s,,,,,f,,,,,,bt,,i,,i,,bt,,,,,,,,,
,,,,,,,,,,,,,,,,a,w,w,s,s,s,w,w,a,a,,,,w,w,,b,,,,,,st,,w,w,,bt,f,f,,,f,,f,,,f,f,bt,,,,,i,i,,,,i,i,,,,,,,,,
,,,,,,,,,,,,,,,a,a,a,w,s,s,s,s,w,w,a,a,a,,f,w,,,,,,,,,,w,f,,,bt,,w,,,,,,w,,bt,,,,,,,s,s,f,s,s,,,,,,,,,,
,13x13,,voltaic,,,,,,,,,,,,13x13,,waterfall,,,,,,,,,,,,13x13,,mystishaven,,,,,,,,,,,,13x13,,foresttemple,,,,,,,,,,,,13x13,,enthalpy,,,,,,,,,,,,,,,,
,,,,,,,,,,,,,,,,,,,,,,,,,,,,,,,,,,,,,,,,,,,,,,,,,,,,,,,,,,,,,,,,,,,,,,,,,,,
,b,b,b,b,,w,,f,,b,b,b,b,,,,,,,,,,,,,,,,bt,bt,bt,s,s,s,s,s,w,w,w,s,s,,,,,,,,,,,,,,,,s,s,s,l,l,l,l,l,l,l,s,s,s,,,,,,
,b,b,f,,bt,,,,,st,,b,b,,,,,,,,,,,,,,,,bt,bt,,,s,s,s,w,w,w,w,w,s,,,,,,,,,,,,,,,,s,s,l,,,,,,,,l,s,s,,,,,,
,b,,,,,,st,,bt,,,f,b,,,,,,,,,,,,,,,,s,,,,,,,,w,w,w,w,s,,,,,,,,,b,w,w,b,,,,s,l,,,w,w,bt,w,w,,,l,s,,,,,,
,b,st,,w,,b,b,b,,w,,,b,,,,,,,,,,,,,,,,s,,,,,,,,,,,w,s,,,,,,,,,b,bt,bt,b,,,,l,,,w,w,w,bt,w,w,w,,,l,,,,,,
,,,bt,,b,b,b,b,b,,,bt,,,,,,,,,,,,,,,,,s,s,,,,,,,,,,b,b,,,,,,,,,b,bt,bt,b,,,,l,,w,w,w,,,,w,w,w,,l,,,,,,
,f,,,b,b,b,b,b,b,b,,,w,,,,,,,,,,,,,,,,s,s,,,,,,,,,,b,s,,,,b,f,f,b,b,b,bt,bt,b,,,,l,,w,w,,,bt,,,w,w,,l,,,,,,
,,,st,b,b,b,b,b,b,b,st,,,,,,,,,,,,,,,,,,s,,,,,,,,,,bt,s,s,,,,b,bt,bt,a,a,a,bt,bt,b,,,,l,,bt,bt,,bt,bt,bt,,bt,bt,,l,,,,,,
,w,,,b,b,b,b,b,b,b,,,f,,,,,,,,,,,,,,,,s,,,,,,,,bt,bt,bt,s,s,,,,b,bt,bt,b,b,b,f,f,b,,,,l,,w,w,,,bt,,,w,w,,l,,,,,,
,,bt,,,b,b,b,b,b,,bt,,,,,,,,,,,,,,,,,,f,,,,b,,,bt,bt,bt,bt,s,s,,,,b,bt,bt,b,,,,,,,,,l,,w,w,w,,,,w,w,w,,l,,,,,,
,b,,,w,,b,b,b,,w,,st,b,,,,,,,,,,,,,,,,f,f,f,b,b,,,bt,bt,bt,,,s,,,,b,bt,bt,b,,,,,,,,,l,,,w,w,w,bt,w,w,w,,,l,,,,,,
,b,f,,,bt,,st,,,,,,b,,,,,,,,,,,,,,,,f,f,f,b,b,,,s,bt,,,,,,,,b,w,w,b,,,,,,,,,s,l,,,w,w,bt,w,w,,,l,s,,,,,,
,b,b,,st,,,,,bt,,f,b,b,,,,,,,,,,,,,,,,s,f,f,b,s,s,s,s,s,,,,,,,,,,,,,,,,,,,,s,s,l,,,,,,,,l,s,s,,,,,,
,b,b,b,b,,f,,w,,b,b,b,b,,,,,,,,,,,,,,,,s,s,s,s,s,s,s,s,s,,,,s,,,,,,,,,,,,,,,,s,s,s,l,l,l,l,l,l,l,s,s,s,,,,,,
,13x13,,wreath,,,,,,,,,,,,13x13,,boarding,,,,,,,,,,,,13x13,,cavern,,,,,,,,,,,,13x13,,tunnel,,,,,,,,,,,,13x13,,crackedtop,,,,,,,,,,,,,,,,
,,,,,,,,,,,,,,,,,,,,,,,,,,,,,,,,,,,,,,,,,,,,,,,,,,,,,,,,,,,,,,,,,,,,,,,,,,,
,s,s,s,s,s,,l,,s,s,s,s,s,,,,,,,a,b,a,,,,,,,f,f,f,f,f,f,f,f,f,f,f,f,f,,b,b,b,b,b,b,bt,bt,bt,b,b,b,b,,b,b,i,i,i,,,,,i,i,i,b,,,,,,
,s,s,s,,,,,,,,s,s,s,,,,,,,a,b,a,,,,,,,f,f,f,f,f,f,f,f,f,f,f,f,f,,b,b,b,b,,,,b,bt,bt,b,b,b,,b,i,i,,,,,,,,,i,i,,,,,,
,s,s,s,bt,st,s,s,s,st,bt,s,s,s,,,,,,,a,bt,a,,,,,,,f,f,f,f,s,,,,s,f,f,f,f,,b,b,b,,,,,,b,bt,bt,b,b,,i,i,,,,,,,,,,,i,,,,,,
,s,,bt,bt,,,,,,bt,bt,,s,,,,,,,a,a,a,,,,,,,f,,,,s,a,a,a,s,,,,f,,b,b,,,,,,,,b,bt,bt,b,,i,,,,i,i,,i,,,,,i,,,,,,
,s,,st,,,,,,,,st,,s,,,,,,,a,bt,a,,,,,,,s,s,,,a,,,,a,,,s,s,,b,,,,,,,,,,b,bt,bt,,i,,,i,i,i,,i,i,,,,,,,,,,
,,,s,,,,,,,,s,,,,w,w,w,w,w,w,w,w,w,w,w,w,w,,,,,a,,bt,bt,bt,,a,,,,,b,,,,,,,,,,,b,bt,,,,,i,i,b,,b,i,i,,,,,,,,,
,l,,s,,,,,,,,s,,l,,w,w,bt,w,bt,w,bt,w,bt,w,bt,w,w,,,,,a,,bt,b,bt,,a,,,,,bt,,,,,,bt,,,,,,bt,,,,,,,,,,,,,,,,,,,,
,,,s,,,,,,,,s,,,,w,w,w,w,w,w,w,w,w,w,w,w,w,,,,,a,,bt,bt,bt,,a,,,,,bt,b,,,,,,,,,,,b,,,,,i,i,b,,b,i,i,,,,,,,,,
,s,,st,,,,,,,,st,,s,,,,,,,a,bt,a,,,,,,,s,s,,,a,,,,a,,,s,s,,bt,bt,b,,,,,,,,,,b,,,,,,i,i,,i,i,i,,,i,,,,,,
,s,,bt,bt,,,,,,bt,bt,,s,,,,,,,a,a,a,,,,,,,w,,,,s,a,a,a,s,,,,w,,b,bt,bt,b,,,,,,,,b,b,,i,,,,,i,,i,i,,,,i,,,,,,
,s,s,s,bt,st,s,s,s,st,bt,s,s,s,,,,,,,a,bt,a,,,,,,,w,w,w,w,s,,,,s,w,w,w,w,,b,b,bt,bt,b,,,,,,b,b,b,,i,,,,,,,,,,,i,i,,,,,,
,s,s,s,,,,,,,,s,s,s,,,,,,,a,b,a,,,,,,,w,w,w,w,w,w,w,w,w,w,w,w,w,,b,b,b,bt,bt,b,,,,b,b,b,b,,i,i,,,,,,,,,i,i,b,,,,,,
,s,s,s,s,s,,l,,s,s,s,s,s,,,,,,,a,b,a,,,,,,,w,w,w,w,w,w,w,w,w,w,w,w,w,,b,b,b,b,bt,bt,bt,b,b,b,b,b,b,,b,i,i,i,,,,,i,i,i,b,b,,,,,,
,13x13,,dugout,,,,,,,,,,,,13x13,,canal,,,,,,,,,,,,13x13,,corona,,,,,,,,,,,,13x13,,warpzone,,,,,,,,,,,,13x13,,icefortress,,,,,,,,,,,,,,,,
,,,,,,,,,,,,,,,,,,,,,,,,,,,,,,,,,,,,,,,,,,,,,,,,,,,,,,,,,,,,,,,,,,,,,,,,,,,
,,,,,bt,f,,,,,,,,,,,,,,,,,,,,,,,,,,,,,,,,,,,,,,,,,,,,,,,,,,,,,,,,,,,,,,,,,,,,,
,,,,bt,a,f,f,f,,,,,,,,,,,,,,,,,,,,,,,,,,,,,,,,,,,,,,,,,,,,,,,,,,,,,,,,,,,,,,,,,,
,,,bt,a,,a,a,a,f,f,f,,,,,,,,,,,,,,,,,,,,,,,,,,,,,,,,,,,,,,,,,,,,,,,,,,,,,,,,,,,,,,,,
,,,bt,a,,,,,a,a,a,f,f,,,,,,,,,,,,,,,,,,,,,,,,,,,,,,,,,,,,,,,,,,,,,,,,,,,,,,,,,,,,,,
,,bt,a,,,,,,,,,a,a,,,,,,,,,,,,,,,,,,,,,,,,,,,,,,,,,,,,,,,,,,,,,,,,,,,,,,,,,,,,,,
,bt,a,,,,,,,,,,,a,,,,,,,,,,,,,,,,,,,,,,,,,,,,,,,,,,,,,,,,,,,,,,,,,,,,,,,,,,,,,,
,a,,a,a,,,,,,,,,a,,,,,,,,,,,,,,,,,,,,,,,,,,,,,,,,,,,,,,,,,,,,,,,,,,,,,,,,,,,,,,
,a,,,,a,a,a,,,,,a,st,,,,,,,,,,,,,,,,,,,,,,,,,,,,,,,,,,,,,,,,,,,,,,,,,,,,,,,,,,,,,,
,a,a,,,,,,a,a,,a,st,,,,,,,,,,,,,,,,,,,,,,,,,,,,,,,,,,,,,,,,,,,,,,,,,,,,,,,,,,,,,,,
,w,w,a,a,a,,,,,a,st,,,,,,,,,,,,,,,,,,,,,,,,,,,,,,,,,,,,,,,,,,,,,,,,,,,,,,,,,,,,,,,,
,,,w,w,w,a,a,a,,a,st,,,,,,,,,,,,,,,,,,,,,,,,,,,,,,,,,,,,,,,,,,,,,,,,,,,,,,,,,,,,,,,,
,,,,,,w,w,w,a,st,,,,,,,,,,,,,,,,,,,,,,,,,,,,,,,,,,,,,,,,,,,,,,,,,,,,,,,,,,,,,,,,,
,,,,,,,,w,st,,,,,,,,,,,,,,,,,,,,,,,,,,,,,,,,,,,,,,,,,,,,,,,,,,,,,,,,,,,,,,,,,,
,13x13,,arcana,,,,,,,,,,,,13x13,,finaldestination,,,,,,,,,,,,,,,,,,,,,,,,,,,,,,,,,,,,,,,,,,,,,,,,,,,,,,,,,,
,,,,,,,,,,,,,,,,,,,,,,,,,,,,,,,,,,,,,,,,,,,,,,,,,,,,,,,,,,,,,,,,,,,,,,,,,,,
,,,,,,,,,,,,,,,,,,,,,,,,,,,,,,,,,,,,,,,,,,,,,,,,,,,,,,,,,,,,,,,,,,,,,,,,,,,
,,,,,,,,,,,,,,,,,,,,,,,,,,,,,,,,,,,,,,,,,,,,,,,,,,,,,,,,,,,,a,a,,,,,,,,,,,,,,
,,,,,,,,,,,,,,,,,,,,,,,,,,,,,,,,,,,,,,,,,,,,,,,,,,,,,,,,,,,a,,,,,,,,,,,,,,,,
,,,,,,,,,,,,,,,,,,,,,,,,,,,,,,,,,,,,,,,,,,,,,,,,,,,,,,,,,,,,,a,,i,i,i,,,,,,,,,,
,,,,,,,,,,,,,,,,,,,,,,,,,,,,,,,,,,,,,,,,,,,,,,,,,,,,,,,,,,,,,a,,i,i,i,,,,,,,,,,
,,,,,,,,,,,,,,,,,,,,,,,,,,,,,,,,,,,,,,,,,,,,,,,,,,,,,,,,,,,,,,a,,i,i,,,,,,,,,,
,,,,,,,,,,,,,,,,,,,,,,,,,,,,,,,,,,,,,,,,,,,,,,,,,,,,,,,,,,,i,i,,,,a,,,,,,,,,,,
,,,,,,,,,,,,,,,,,,,,,,,,,,,,,,,,,,,,,,,,,,,,,,,,,,,,,,,,,,,i,i,i,,,a,,,,,,,,,,,
,,,,,,,,,,,,,,,,,,,,,,,,,,,,,,,,,,,,,,,,,,,,,,,,,,,,,,,,,,,i,i,a,,a,,,,,,,,,,,,
,,,,,,,,,,,,,,,,,,,,,,,,,,,,,,,,,,,,,,,,,,,,,,,,,,,,,,,,,,,,a,,,,i,i,,,,,,,,,,
,,,,,,,,,,,,,,,,,,,,,,,,,,,,,,,,,,,,,,,,,,,,,,,,,,,,,,,,,,,,a,,,i,i,i,,,,,,,,,,
,8x10,,interlink,,,,,,,,,,,,,,,,,,,,,,,,,,,,,,,,,,,,,,,,,,,,,,,,,,,,,,,,,,,a,i,i,i,,,,,,,,,,
,,,,,,,,,,,,,,,,,,,,,,,,,,,,,,,,,,,,,,,,,,,,,,,,,,,,,,,,,,,,,,a,,,,,,,,,,,,,
,,,,,,,,,,8x12,,duplicity,,,,,,,,,,,,,,,,,,,,,,,,,,,,,,,,,,,,,,,,,,,,,,,,,,,a,,,,,,,,,,,,
,,,,,,,,,,,,,,,,,,,7x13,,blankcanvas,,,,,,7x13,,lagoon,,,,,,7x13,,fencedout,,,,,,7x13,,hockey,,,,,,7x13,,speedbank,,,,,,7x13,,fogbound,,,,,,7x13,,trench,,,,,,
,,,,,,,,,,,,,,,,,,,,,,,,,,,,,,,,,,,,,,,,,,,,,,,,,,,,,,,,,,,,,,,,,,,,,,,,,,,
,,,,,,,,,,,,i,,,f,,w,,,i,,,,,,,,,,,,,,,,,,,a,,,,,,w,w,w,w,w,a,a,w,w,w,,,,,,,,,,,,,,,,,,,,,
,,,,,,,,,,,,i,,,,b,,,,i,,,,,,,,,,,,,,,,,,a,a,,a,,,,w,w,s,s,a,a,a,a,w,w,,,,,,,,,,,,,,,,,,,,,
,,,,,,,,,,,bt,,,,w,n,f,,,,bt,,,,w,w,a,a,w,w,,,,,,,,,st,st,,,,,w,s,s,a,a,a,b,a,f,f,,,,,,,,,,,,,,,,,,,,,
,,,,,,,,,,,,,,w,,,,f,,,,,,,w,w,a,a,w,w,,,,,,,a,,l,l,a,,,,w,s,,a,,a,a,f,f,f,,,,,,,,,,,,,,,,,,,,,
,,,,,,,,,,,,,,w,,,,f,,,,,,,,,,,,,,,,,,,,,b,b,,,,,w,w,,,,,a,w,f,w,,,,,,,,,,,,,,,,,,,,,
,,,,,,,,,,,bt,,,,w,,f,,,,bt,,f,f,s,a,f,f,a,s,f,f,,,,,b,b,s,s,,,,,w,w,a,,,,s,w,w,w,,,,,,,,,,,,,,,,,,,,,
,,,,,,,,,,,,,,,,b,,,,,,,f,f,s,a,f,f,a,s,f,f,,,,,s,s,s,s,,,,,f,w,a,a,w,s,s,w,w,w,,,,,,,,,,,,,,,,,,,,,
,,,,,,,,,,,bt,,,,f,n,w,,,,bt,,,,,,,,,,,,,,,,s,s,s,s,,,,,f,f,f,b,w,w,w,w,w,w,,,,,,,,,,,,,,,,,,,,,
,,,,,,,,,,,,,,f,,,,w,,,,,,,w,w,a,a,w,w,,,,,,,a,a,a,a,,,,,f,f,f,a,a,w,w,w,w,f,,,,,,,,,,,,,,,,,,,,,
,,,,,,,,,,,,,,f,,,,w,,,,,,,w,w,a,a,w,w,,,,,,,a,a,a,a,,,,,f,f,w,w,,,w,w,f,f,,,,,,,,,,,,,,,,,,,,,
,,,,,,,,,,,bt,,,,f,,w,,,,bt,,,,,,,,,,,,,,,,s,s,s,s,,,,,w,w,w,w,,a,a,w,f,f,,11x10,,somethingsoff,,,,,,,,,,9x10,,p,,,,,
,,,,,,,,,,,,i,,,,b,,,,i,,,,,,,,,,,,,,,,,,,,,,,,,w,w,w,w,a,a,w,w,w,f,,,,,,,,,,,,,,,,,,,,,
,,,,,,,,,,,,i,,,w,,f,,,i,,,10x12,,bands,,,,,,,,,10x12,,lighter,,,,,,,,,10x12,,koi,,,,,,,,,,,,,,,,,,,,,,,,,,,,
,9x13,,boilerhouse,,,,,,,,11x13,,humangendome,,,,,,,,,,,,,,,,,,,,,,,,,,,,,,,,,,,,,,,,,,,,,,,,,,,,,,,,,,,,,,
,,,,,,,,,,,,,,,,,,,,,,,,,,,,,,,,,,,,,,,,,,,,,,,,,,,,,,,,,,,,,,,,,,,,,,,,,,,
,,,,,,,,,,,,,,,,,,,,,,,,,,,,,,,,,,,,,,,,,,,,,,,,,,,,,,,,,,,,,,,,,,,,,,,,,,,
,,,,,,,,,,,,,,,,,,,,,,,,,,,,,,,,,,,,,,,,,,,,,,,,,,,,,,,,,,,,,,,,,,,,,,,,,,,
,,,,,,,,,,,,,,,,,,,,,,,,,,,,,,,,,,,,,,,,,,,,,,,,,,,,,,,,,,,,,,,,,,,,,,,,,,,
,,,,,,,,,,,,,,,,,,,,,,,,,,,,,,,,,,,,,,,,,,,,,,,,,,,,,,,,,,,,,,,,,,,,,,,,,,,
,,,,,,,,,,,,,,,,,,,,,,,,,,,,,,,,,,,,,,,,,,,,,,,,,,,,,,,,,,,,,,,,,,,,,,,,,,,
,,,,,,,,,,,,,,,,,,,,,,,,,,,,,,,,,,,,,,,,,,,,,,,,,,,,,,,,,,,,,,,,,,,,,,,,,,,
,,,,,,,,,,,,,,,,,,,,,,,,,,,,,,,,,,,,,,,,,,,,,,,,,,,,,,,,,,,,,,,,,,,,,,,,,,,
,,,,,,,,,,,,,,,,,,,,,,,,,,,,,,,,,,,,,,,,,,,,,,,,,,,,,,,,,,,,,,,,,,,,,,,,,,,
,,,,,,,,,,,,,,,,,,,,,,,,,,,,,,,,,,,,,,,,,,,,,,,,,,,,,,,,,,,,,,,,,,,,,,,,,,,
,,,,,,,,,,,,,,,,,,,,,,,,,,,,,,,,,,,,,,,,,,,,,,,,,,,,,,,,,,,,,,,,,,,,,,,,,,,
,,,,,,,,,,,,,,,,,,,,,,,,,,,,,,,,,,,,,,,,,,,,,,,,,,,,,,,,,,,,,,,,,,,,,,,,,,,
,,,,,,,,,,,,,,,,,,,,,,,,,,,,,,,,,,,,,,,,,,,,,,,,,,,,,,,,,,,,,,,,,,,,,,,,,,,
,9x12,,river,,,,,,,,,,,,,,,,,,,,,,,,,,,,,,,,,,,,,,,,,,,,,,,,,,,,,,,,,,,,,,,,,,,,,,,