Effect Name,Effect ID,Description,Moves,Purposes/Thoughts
Can be used while Sealed,cbuws,Can be used while Sealed,"Basic Attack,Thwack",
Passive,passive,,"Backstep,Rising Hope,Ironclad,Enpointe,Qi Force,Adrenaline,Hunter's Mark,Sniper's Focus,Bound Bow,Storm Cycle,Hawkeye,Far Side of the Moon,Lunar Phase,Psychic Overlord,Crimson Pact,Black Magic,Total Depravity,Immortal Coil,Quietus,Triumvirate,Hastiliarius,Adaptive,Paragon,Aikido,Bloodlust,Vindictive,Swing Cycle,Stonemason,Heavy Weapon,Plate Crusher,Right to Rule",
Reaction,react,,"Attack of Opportunity,Staccato,Mantrap,Aegis,Rewind,Superposition,Card Counter,Foresight,Defiance,Figure 8 ,Aftershock,Coronation",
Accuracy Modifier,acc_mod,"+ACC, +CR","Rising Hope,Fantasia,Staccato,Superposition,Time's Edge,Outmaneuveur,Long Shot,Jump Shot,Hawkeye,Windmill,Overdraw,Jackpot,Augur,Dawn Break,Prophecy,Fateweave,Psychic Overlord,Black Magic,Quietus,Left-Hand Path,Sacrificial Lamb,Iberian Steel,Invigorate,Weapon Crash,Grave of Titans,Hardwood Slam,Calamitous Trance,Reversal,Power Swing,Sever,Wrath,Elastic Collision,Right to Rule",
Damaging Status,dmg_status,"Bleed, Burn, Poison, Curse","Dissonance,Tinker's Dam,Cursed Bolts,Serrated Arrows,Fireworks,Venom Shot,Roulette,Blood Moon,Eventide,Defile,Pestilent Strike,Blasphemy,Effigial Pyre,Hardwood Slam,Gash,Two Handed,Catapult Campaign",
DEF Ignore,def_ign,,"Dissonance,Soulstep,Conversion,Time's Edge,Pierce,Quick Scope,Gamble,Phalanx,Grave of Titans,Martial Mastery,Figure 8 ,Reversal,Lagging Spin,Plate Crusher,Kip Up",
Outside Damage Factors Ignored,exdmg_ign,,"Dissonance,Soulstep,Time's Edge,Quick Scope,Fateweave,Phalanx,Defiance,Kip Up",
Damage Modifier,dmg_mod,"+A, +DMG, +dice but NOT +dice faces","Primadonna,Fantasia,Smokescreen,Qi Force,Eightfold Shield,Dissonance,Staccato,Ironclad,Mantrap,Reforge,Mending Mantel,Conversion,Nirvana,Pavise,Aegis,Oath of Mercy,Rewind,Time's Edge,Hunter's Mark,Bolt Compaction,Shadow Quiver,Bound Bow,Long Shot,Chase Arrow,Storm Cycle,Lightning Draw,Blitz,Splinter,Trick Shot,Card Flip,Gamble,Blackjack,Jackpot,Slots Spin,Augur,Echo Burst,Prophecy,Psychic Overlord,Crimson Pact,Bloodrush,Black Magic,Oblation,Bloodbind,Haunted Swing,Coup de Grace,Spirit Break,Stroke of Midnight,Quietus,Totem of Blood,Left-Hand Path,Totem of Bone,Totem of Soul,Sacrificial Lamb,Triumvirate,Disengage,Forward Jab,Shield Wall,Iberian Steel,Invigorate,Thwack,Grave of Titans,Inertial Shift,Hardwood Slam,Exploit Feign,Calamitous Trance,Paragon,Disarm,Wear Down,Aikido,Wrath,Amped Strike,Cyclone Sweep,Crush,Lagging Spin,Discipline,Kinetic Impact,Right to Rule,Bastion,Ambush,Entrench","for shit that affects the attack's damage, be it offensive or defensive. Currently include both outside (+DMG) and inside (+DEF/+A) damage factors, which definitely will need to be split up at some point"
Conditional,conditional,Have an additional condition but isn't a reaction i.e Primadonna,"Backstep,Primadonna,Staccato,Ironclad,Smokescreen,Mending Mantel,First Aid,Martyrdom,Vestments,Pas De Deux,Qi Force,Dissonance,Pavise,Impasse,Outmaneuveur,Arrow Flurry,Cursed Bolts,Pierce,Quick Scope,Explosive Shot,Tornado Bolt,Serrated Arrows,Quiver of Thunder,Bound Bow,Long Shot,Crippling Shot,Sniper's Focus,Jump Shot,Volley,Fireworks,Snipe,Storm Cycle,Lightning Draw,Blitz,Windmill,Hook Shot,Trick Shot,Venom Shot,Sagittarian Pride,Shrapnel Tip,Overdraw,Card Flip,Discard,Roulette,Gamble,Blackjack,Craps,Jackpot,Slots Spin,Holy Light,Lunar Shift,Harvest Moon,Double Tide,Blood Moon,Gravity Crash,Fatal Moonlight,Astral Touch,Prophecy,Fateweave,Crimson Pact,Bloodrush,Defile,Sanctified Blade,Pentagram,Black Magic,Massacre,Exsanguinate,Total Depravity,Reaper's Touch,Haunted Swing,Wither Soul,Pestilent Strike,Coup de Grace,Phantasmal Shield,Void's Call,Left-Hand Path,Heredity,Totem of Soul,Blasphemy,Sacrificial Lamb,Egregore,Disengage,Exercitus,Forward Jab,Phalanx,Shield Wall,Deus Vult,Invigorate,Weapon Crash,Impede,Thwack,Grave of Titans,Inertial Shift,Adaptive,Hardwood Slam,Exploit Feign,Stance Breaker,Calamitous Trance,Paragon,Spurn,Reversal,Wear Down,Yin Yang,Standoff,Dazing Hook,Hold Over,Aikido,Bloodlust,Vindictive,Cyclone Sweep,Crush,Lagging Spin,Gravity Well,Razor Rust,Heavy Weapon,Tomahawk Toss,Plate Crusher,Repulse Slice,Continental Crash,Discipline,Kinetic Impact,Two Handed,Elastic Collision,Fleet Footwork,Line Out,Right to Rule,Besiege,Bastion,Catapult Campaign,Ambush,Entrench",
Choice,choice,Involves user's decision i.e Fantasia,"Basic Attack,Attack of Opportunity,Fantasia,Reforge,First Aid,Vestments,Tinker's Dam,Eightfold Shield,Conversion,Nirvana,Bolt Arsenal,Chase Arrow,Hawkeye,Hook Shot,Augur,Eventide,Echo Burst,Corruption,Foresight,Dawn Break,Oracle,Prophecy,Fateweave,Exploit Feign,Hold Over,Yin Yang,Tempest Sweep,Wrath,Knockback,Earth Render,Gravity Well,Kip Up,Fleet Footwork,Besiege,Bastion",
Multi-hit,multihit,,"Staccato,Blitz,Splinter,Salvo,Surge,Sagittarian Pride,Arrow Storm,Double Tide,Exploit Feign,Sever",
Target Modifier,range_mod,"Modifies range/group/amount of abilties  i.e Smokescreen, Fantasia","Fantasia,Smokescreen,Conversion,Fractal Division,Arrow Flurry,Bolt Arsenal,Quiver of Thunder,Chase Arrow,Volley,Lightning Draw,Salvo,Trick Shot,Craps,High Roller,Echo Burst,Totem of Blood,Totem of Bone,Sacrificial Lamb,Triumvirate,Impede,Inertial Shift,Tempest Sweep,Wide Slash,Wrath,Continental Crash,Line Out",
Buff,buff,Underlined,"Primadonna,Reforge,Mending Mantel,Martyrdom,Eightfold Shield,Nirvana,Conversion,Pavise,Radiance,Bolt Compaction,Bound Bow,Long Shot,Jump Shot,Blitz,Windmill,Splinter,Jackpot,Celestial Blessing,Echo Burst,Bloodrush,Spirit Break,Totem of Soul,Feral Spark,Shield Wall,Iberian Steel,Invigorate,Impede,Adaptive,Defiance,Reversal,Wear Down,Aikido,Franciscate,Discipline,Bastion,Ambush,Entrench",
Debuff,debuff,Italicized,"Dissonance,Primadonna,Staccato,Mantrap,Reforge,Warp,Splinter,Dark Reflection,Psychic Overlord,Spirit Break,Left-Hand Path,Feral Spark,Disengage,Dual Wield,Exploit Feign,Disarm,Bastion",
Tile Effect,trap,"Place an effect in an area surrounding a tile (badly wording). Mantrap, Barrow, Silk Cocoon are notable factors","Mantrap,Tinker's Dam,Mending Mantel,Wormhole,Totem of Blood,Totem of Bone,Totem of Soul,Breach,Continental Crash,Bastion",
Tile Placement,tile,"Shill, Masonry, Mantel, Tdam, etc","Tinker's Dam,Mending Mantel,Whittle,Heredity,Effigial Pyre,Masonry,Earth Render,Fissure,Continental Crash",
Unremovable,unrem,,,
Foe ignore,foe_ign,Ignore Foes when calculating effects/range/validity. Notable examples include Mantel and Warp,"Warp,Shadow Quiver",
Heal,heal,,"Mending Mantel,First Aid,Vestments,Oath of Mercy,Harvest Moon,Foresight,Psychic Overlord,Siphon Soul,Bloodbind,Reaper's Touch,Haunted Swing,Wither Soul,Coup de Grace,Phantasmal Shield,Heredity,Hardwood Slam",
Immunity,immune,"Impasse, Ward are notable examples","Reforge,Ward,Divertissement,Impasse,Quick Thinking,Pierce,Cursed Bolts,Retreat,Breach,Deus Vult,Weapon Crash,Pole Vault,Dazing Hook,Stonemason",
Target Displacement,displace,"Push, Pull and Swap all fall into this category","Heaven's Wind,Tornado Bolt,Bolt Arsenal,Storm Cycle,Hook Shot,Void's Call,Exercitus,Disengage,Forward Jab,Inertial Shift,Gale Force,Chain Axe,Knockback,Cyclone Sweep,Seismic Smash,Crush,Gravity Well,Shockwave Slam,Collision Course,Fissure,Tomahawk Toss,Kip Up,Repulse Slice,Continental Crash,Kinetic Impact,Two Handed,Elastic Collision,Fleet Footwork",
Recoil,recoil,,"Ironclad,Crimson Pact,Purloin Youth,Total Depravity,Whittle,Totem of Soul,Feral Spark,Sacrificial Lamb",
Frequency Modifier,freq_mod,"Thank you Dancer. (this would also include RL, Massacre, etc)","Emboite,Fouette,Massacre,Impede,Swing Cycle,Ambush",
Resource Loss,spend,,"Eightfold Shield,Conversion,Nirvana,Outmaneuveur,Dash,Quick Thinking,Retreat,Bloodbind,Power Swing,Wide Slash,Knockback,Franciscate,Gash,Sever,Swing Cycle,Wrath,Amped Strike,Right to Rule,Ambush",
Resource Gain,gain,,"Qi Force,Superposition,Explosive Shot,Tornado Bolt,Bolt Arsenal,Quiver of Thunder,Discard,Crimson Pact,Defile,Purloin Youth,Iberian Steel,Bloodlust,Vindictive,Swing Cycle,Coronation",
Teleport,teleport,,,
Tunneling,tunneling,"Basically what Tunneling does, but this also apply to QStaff EX and Air Balloon",Tunneling,
Effect Modifier,eff_mod,"Abilties that Modify the effects of other Abilities/group of Abilities. i.e Aegis-Radiance, Sanc-CP, Martyrdom-Heals","Martyrdom,Qi Force,Radiance,Adrenaline,Arrow Net,Bolt Compaction,Final Hour,Bound Bow,Retreat,Sniper's Focus,Blessed Arrow,Overdraw,Moonblast,Holy Light,Lunar Shift,Harvest Moon,Double Tide,Celestial Blessing,Future Sight,Eventide,Omen,Corruption,Astral Touch,Foresight,Oracle,Prophecy,Fateweave,Sanctified Blade,Massacre,Exsanguinate,Total Depravity,Reap,Hades' Toll,Pestilent Strike,Phantasmal Shield,Stroke of Midnight,Totem of Bone,Totem of Blood,Heredity,Totem of Soul,Feral Spark,Blasphemy,Effigial Pyre,Egregore,Hastiliarius,Disarm,Tempest Sweep,Chain Axe,Knockback,Gash,Wrath,Heavy Weapon,Repulse Slice,Two Handed,Coronation,Besiege,Catapult Campaign,Entrench",
Non-damaging Status,nondmg_status,,"Ironclad,Mantrap,Crippling Shot,Roulette,Tidal Wave,Exercitus,Hardwood Slam,Defiance,Calamitous Trance,Dazing Hook,Knockback,Franciscate,Storm Strike,Seismic Smash,Razor Rust,Tomahawk Toss",
remove,rem,,"Impasse,Deus Vult,Impede,Exploit Feign,Franciscate",
Dice Modifier,dice_mod,"dice faces, bomb/inv, adv/disadv","Divertissement,Fireworks,Craps,Weapon Crash,Stance Breaker,Calamitous Trance,Dazing Hook,Kinetic Impact",
non-attack ,non_akt,Denotes abilities that is usually an attack but can be used as a non-attack,"Harvest Moon,Oracle,Shield Wall,Pole Vault,Gale Force,Franciscate,Ambush",
honestly this thing deserves its own logic,,,"Time's Edge,Lightspeed,Explosive Shot,Shadow Quiver,Salvo,Surge,Sagittarian Pride,Double or Nothing,Blackjack,Craps,Hi-Lo,Stacked Deck,Lunar Phase,Gravity Crash,Far Side of the Moon,Fatal Moonlight,Covenant,Immortal Coil,Ancestral Wrath,Animatus,Egregore,Triumvirate,Fair Fight,Martial Mastery,Guard,Unstoppable Force,Masonry,Collision Course,Fissure,Continental Crash,Elastic Collision,Supreme Strikes",
Delay,,,"Augur,Eventide,Echo Burst,Corruption,Dawn Break,Prophecy,Fateweave",
Before Accuracy,,,"Siphon Soul,Bloodbind,Fissure",
,,,,
,,,,
Self Displacement,,,"Heaven's Wind,Aegis,Left-Hand Path,Disengage,Defiance,Storm Strike,Aftershock,Kip Up,Elastic Collision,Fleet Footwork",
shield,,,"Invigorate,Stance Breaker,Paragon,Besiege",
Varies,,,"Weapon Crash,Yin Yang",
,,,,
,,,,
,,,,